item_key,item_text,barcode,is_weighed,canonical_slug,label,category,note
gold-00001,חלב רמי לוי 3% 1 ליטר,7290000000000,False,milk-3pct-1l,exact,dairy,same barcode
gold-00001,חלב רמי לוי 3% 1 ליטר,7290000000000,False,milk-1pct-1l,no_match,dairy,hard negative: fat_pct 3 vs 1
gold-00001,חלב רמי לוי 3% 1 ליטר,7290000000000,False,white-cheese-5pct-250g,no_match,dairy,hard negative: product type milk vs white_cheese
gold-00002,חלב טרי בקרטון 3% 1 ליטר שטראוס,7290000000000,False,milk-3pct-1l,exact,dairy,same barcode
gold-00002,חלב טרי בקרטון 3% 1 ליטר שטראוס,7290000000000,False,milk-1pct-1l,no_match,dairy,hard negative: fat_pct 3 vs 1
gold-00002,חלב טרי בקרטון 3% 1 ליטר שטראוס,7290000000000,False,white-cheese-5pct-250g,no_match,dairy,hard negative: product type milk vs white_cheese
gold-00003,ח. טרי 3% 1 ליטר תנובה,7298221535973,False,milk-3pct-1l,any_brand,dairy,critical attributes equal
gold-00003,ח. טרי 3% 1 ליטר תנובה,7298221535973,False,milk-1pct-1l,no_match,dairy,hard negative: fat_pct 3 vs 1
gold-00003,ח. טרי 3% 1 ליטר תנובה,7298221535973,False,cottage-5pct-250g,no_match,dairy,hard negative: product type milk vs cottage
gold-00004,חלב בשקית 3% רמי לוי 1 ליטר,7290380010008,False,milk-3pct-1l,any_brand,dairy,critical attributes equal
gold-00004,חלב בשקית 3% רמי לוי 1 ליטר,7290380010008,False,milk-1pct-1l,no_match,dairy,hard negative: fat_pct 3 vs 1
gold-00004,חלב בשקית 3% רמי לוי 1 ליטר,7290380010008,False,cottage-5pct-250g,no_match,dairy,hard negative: product type milk vs cottage
gold-00005,ח. טרי 3% 1 ליטר טרה,7295007386862,False,milk-3pct-1l,any_brand,dairy,critical attributes equal
gold-00005,ח. טרי 3% 1 ליטר טרה,7295007386862,False,milk-1pct-1l,no_match,dairy,hard negative: fat_pct 3 vs 1
gold-00005,ח. טרי 3% 1 ליטר טרה,7295007386862,False,yogurt-3pct-200g,no_match,dairy,hard negative: product type milk vs yogurt
gold-00006,חלב בשקית 3% ויקטורי 1 ליטר,7291885074579,False,milk-3pct-1l,any_brand,dairy,critical attributes equal
gold-00006,חלב בשקית 3% ויקטורי 1 ליטר,7291885074579,False,milk-1pct-1l,no_match,dairy,hard negative: fat_pct 3 vs 1
gold-00006,חלב בשקית 3% ויקטורי 1 ליטר,7291885074579,False,cottage-5pct-500g,no_match,dairy,hard negative: product type milk vs cottage
gold-00007,ח. טרי 3% 1 ליטר רמי לוי,7297734661860,False,milk-3pct-1l,any_brand,dairy,critical attributes equal
gold-00007,ח. טרי 3% 1 ליטר רמי לוי,7297734661860,False,milk-1pct-1l,no_match,dairy,hard negative: fat_pct 3 vs 1
gold-00007,ח. טרי 3% 1 ליטר רמי לוי,7297734661860,False,cottage-5pct-250g,no_match,dairy,hard negative: product type milk vs cottage
gold-00008,שטראוס חלב 3% שומן 1 ליטר,7290913450844,False,milk-3pct-1l,any_brand,dairy,critical attributes equal
gold-00008,שטראוס חלב 3% שומן 1 ליטר,7290913450844,False,milk-1pct-1l,no_match,dairy,hard negative: fat_pct 3 vs 1
gold-00008,שטראוס חלב 3% שומן 1 ליטר,7290913450844,False,cottage-5pct-500g,no_match,dairy,hard negative: product type milk vs cottage
gold-00009,חלב טרה 3% 1 ליטר,7298566588042,False,milk-3pct-1l,any_brand,dairy,critical attributes equal
gold-00009,חלב טרה 3% 1 ליטר,7298566588042,False,milk-1pct-1l,no_match,dairy,hard negative: fat_pct 3 vs 1
gold-00009,חלב טרה 3% 1 ליטר,7298566588042,False,soy-drink-1l,no_match,dairy,hard negative: product type milk vs soy_drink
gold-00010,חלב בשקית 3% תנובה 1 ליטר,7298431162476,False,milk-3pct-1l,any_brand,dairy,critical attributes equal
gold-00010,חלב בשקית 3% תנובה 1 ליטר,7298431162476,False,milk-1pct-1l,no_match,dairy,hard negative: fat_pct 3 vs 1
gold-00010,חלב בשקית 3% תנובה 1 ליטר,7298431162476,False,yellow-cheese-28pct-200g,no_match,dairy,hard negative: product type milk vs yellow_cheese
gold-00011,יטבתה חלב 3% שומן 1 ליטר,7295149672882,False,milk-3pct-1l,any_brand,dairy,critical attributes equal
gold-00011,יטבתה חלב 3% שומן 1 ליטר,7295149672882,False,milk-1pct-1l,no_match,dairy,hard negative: fat_pct 3 vs 1
gold-00011,יטבתה חלב 3% שומן 1 ליטר,7295149672882,False,butter-200g,no_match,dairy,hard negative: product type milk vs butter
gold-00012,ויקטורי חלב 3% שומן 1 ליטר,7294071033466,False,milk-3pct-1l,any_brand,dairy,critical attributes equal
gold-00012,ויקטורי חלב 3% שומן 1 ליטר,7294071033466,False,milk-1pct-1l,no_match,dairy,hard negative: fat_pct 3 vs 1
gold-00012,ויקטורי חלב 3% שומן 1 ליטר,7294071033466,False,yogurt-1.5pct-200g,no_match,dairy,hard negative: product type milk vs yogurt
gold-00013,חלב טרי בקרטון 3% 1 ליטר יוחננוף,7294987125328,False,milk-3pct-1l,any_brand,dairy,critical attributes equal
gold-00013,חלב טרי בקרטון 3% 1 ליטר יוחננוף,7294987125328,False,milk-1pct-1l,no_match,dairy,hard negative: fat_pct 3 vs 1
gold-00013,חלב טרי בקרטון 3% 1 ליטר יוחננוף,7294987125328,False,almond-drink-1l,no_match,dairy,hard negative: product type milk vs almond_drink
gold-00014,חלב טרי 3% יוחננוף 1 ליטר,7297442837204,False,milk-3pct-1l,any_brand,dairy,critical attributes equal
gold-00014,חלב טרי 3% יוחננוף 1 ליטר,7297442837204,False,milk-1pct-1l,no_match,dairy,hard negative: fat_pct 3 vs 1
gold-00014,חלב טרי 3% יוחננוף 1 ליטר,7297442837204,False,cottage-5pct-250g,no_match,dairy,hard negative: product type milk vs cottage
gold-00015,שופרסל חלב 3% שומן 1 ליטר,7293527647831,False,milk-3pct-1l,any_brand,dairy,critical attributes equal
gold-00015,שופרסל חלב 3% שומן 1 ליטר,7293527647831,False,milk-1pct-1l,no_match,dairy,hard negative: fat_pct 3 vs 1
gold-00015,שופרסל חלב 3% שומן 1 ליטר,7293527647831,False,yellow-cheese-28pct-200g,no_match,dairy,hard negative: product type milk vs yellow_cheese
gold-00016,חלב טרי 3% יטבתה 1.5 ליטר,7298348113464,False,milk-3pct-1l,close,dairy,soft differs: pack size 1500 vs 1000 ml
gold-00016,חלב טרי 3% יטבתה 1.5 ליטר,7298348113464,False,milk-1pct-1l,no_match,dairy,hard negative: fat_pct 3 vs 1
gold-00016,חלב טרי 3% יטבתה 1.5 ליטר,7298348113464,False,yellow-cheese-9pct-200g,no_match,dairy,hard negative: product type milk vs yellow_cheese
gold-00017,חלב טרי 3% יוחננוף 1.5 ליטר,7290107340486,False,milk-3pct-1l,close,dairy,soft differs: pack size 1500 vs 1000 ml
gold-00017,חלב טרי 3% יוחננוף 1.5 ליטר,7290107340486,False,milk-1pct-1l,no_match,dairy,hard negative: fat_pct 3 vs 1
gold-00017,חלב טרי 3% יוחננוף 1.5 ליטר,7290107340486,False,yellow-cheese-9pct-200g,no_match,dairy,hard negative: product type milk vs yellow_cheese
gold-00018,ח. טרי 3% 1 ל' יוחננוף,7291968763478,False,milk-3pct-1l,any_brand,dairy,critical attributes equal
gold-00018,ח. טרי 3% 1 ל' יוחננוף,7291968763478,False,milk-1pct-1l,no_match,dairy,hard negative: fat_pct 3 vs 1
gold-00018,ח. טרי 3% 1 ל' יוחננוף,7291968763478,False,almond-drink-1l,no_match,dairy,hard negative: product type milk vs almond_drink
gold-00019,חלב בשקית 3% שטראוס 1 ליטר,7297977478302,False,milk-3pct-1l,any_brand,dairy,critical attributes equal
gold-00019,חלב בשקית 3% שטראוס 1 ליטר,7297977478302,False,milk-1pct-1l,no_match,dairy,hard negative: fat_pct 3 vs 1
gold-00019,חלב בשקית 3% שטראוס 1 ליטר,7297977478302,False,eggs-l-12,no_match,dairy,hard negative: product type milk vs eggs
gold-00020,ח. טרי 3% 1 ל' ויקטורי,7296461186243,False,milk-3pct-1l,any_brand,dairy,critical attributes equal
gold-00020,ח. טרי 3% 1 ל' ויקטורי,7296461186243,False,milk-1pct-1l,no_match,dairy,hard negative: fat_pct 3 vs 1
gold-00020,ח. טרי 3% 1 ל' ויקטורי,7296461186243,False,white-cheese-5pct-250g,no_match,dairy,hard negative: product type milk vs white_cheese
gold-00021,חלב בשקית 3% שופרסל 1 ליטר,7294079828926,False,milk-3pct-1l,any_brand,dairy,critical attributes equal
gold-00021,חלב בשקית 3% שופרסל 1 ליטר,7294079828926,False,milk-1pct-1l,no_match,dairy,hard negative: fat_pct 3 vs 1
gold-00021,חלב בשקית 3% שופרסל 1 ליטר,7294079828926,False,eggs-l-12,no_match,dairy,hard negative: product type milk vs eggs
gold-00022,תנובה חלב 3% שומן 1 ליטר,7293351994416,False,milk-3pct-1l,any_brand,dairy,critical attributes equal
gold-00022,תנובה חלב 3% שומן 1 ליטר,7293351994416,False,milk-1pct-1l,no_match,dairy,hard negative: fat_pct 3 vs 1
gold-00022,תנובה חלב 3% שומן 1 ליטר,7293351994416,False,sweet-cream-38pct-250ml,no_match,dairy,hard negative: product type milk vs sweet_cream
gold-00023,חלב טרי 3% ויקטורי 1 ליטר,7295113563859,False,milk-3pct-1l,any_brand,dairy,critical attributes equal
gold-00023,חלב טרי 3% ויקטורי 1 ליטר,7295113563859,False,milk-1pct-1l,no_match,dairy,hard negative: fat_pct 3 vs 1
gold-00023,חלב טרי 3% ויקטורי 1 ליטר,7295113563859,False,yellow-cheese-28pct-200g,no_match,dairy,hard negative: product type milk vs yellow_cheese
gold-00024,חלב טרי 3% שטראוס 1.5 ליטר,7299219562499,False,milk-3pct-1l,close,dairy,soft differs: pack size 1500 vs 1000 ml
gold-00024,חלב טרי 3% שטראוס 1.5 ליטר,7299219562499,False,milk-1pct-1l,no_match,dairy,hard negative: fat_pct 3 vs 1
gold-00024,חלב טרי 3% שטראוס 1.5 ליטר,7299219562499,False,cottage-3pct-250g,no_match,dairy,hard negative: product type milk vs cottage
gold-00025,חלב טרי 3% תנובה 1 ליטר,7296675816282,False,milk-3pct-1l,any_brand,dairy,critical attributes equal
gold-00025,חלב טרי 3% תנובה 1 ליטר,7296675816282,False,milk-1pct-1l,no_match,dairy,hard negative: fat_pct 3 vs 1
gold-00025,חלב טרי 3% תנובה 1 ליטר,7296675816282,False,eggs-l-12,no_match,dairy,hard negative: product type milk vs eggs
gold-00026,חלב טרי 3% יטבתה 1 ליטר,7293515739310,False,milk-3pct-1l,any_brand,dairy,critical attributes equal
gold-00026,חלב טרי 3% יטבתה 1 ליטר,7293515739310,False,milk-1pct-1l,no_match,dairy,hard negative: fat_pct 3 vs 1
gold-00026,חלב טרי 3% יטבתה 1 ליטר,7293515739310,False,soy-drink-1l,no_match,dairy,hard negative: product type milk vs soy_drink
gold-00027,חלב בשקית 3% יוחננוף 1 ליטר,7293401688448,False,milk-3pct-1l,any_brand,dairy,critical attributes equal
gold-00027,חלב בשקית 3% יוחננוף 1 ליטר,7293401688448,False,milk-1pct-1l,no_match,dairy,hard negative: fat_pct 3 vs 1
gold-00027,חלב בשקית 3% יוחננוף 1 ליטר,7293401688448,False,sour-cream-15pct-200g,no_match,dairy,hard negative: product type milk vs sour_cream
gold-00028,חלב טרי בקרטון 3% 1 ליטר תנובה,7297733900532,False,milk-3pct-1l,any_brand,dairy,critical attributes equal
gold-00028,חלב טרי בקרטון 3% 1 ליטר תנובה,7297733900532,False,milk-1pct-1l,no_match,dairy,hard negative: fat_pct 3 vs 1
gold-00028,חלב טרי בקרטון 3% 1 ליטר תנובה,7297733900532,False,soy-drink-1l,no_match,dairy,hard negative: product type milk vs soy_drink
gold-00029,חלב טרי 3% שטראוס 1 ליטר,7299066604194,False,milk-3pct-1l,any_brand,dairy,critical attributes equal
gold-00029,חלב טרי 3% שטראוס 1 ליטר,7299066604194,False,milk-1pct-1l,no_match,dairy,hard negative: fat_pct 3 vs 1
gold-00029,חלב טרי 3% שטראוס 1 ליטר,7299066604194,False,yogurt-3pct-200g,no_match,dairy,hard negative: product type milk vs yogurt
gold-00030,חלב בשקית 3% יטבתה 1 ליטר,7294859010008,False,milk-3pct-1l,any_brand,dairy,critical attributes equal
gold-00030,חלב בשקית 3% יטבתה 1 ליטר,7294859010008,False,milk-1pct-1l,no_match,dairy,hard negative: fat_pct 3 vs 1
gold-00030,חלב בשקית 3% יטבתה 1 ליטר,7294859010008,False,cottage-5pct-250g,no_match,dairy,hard negative: product type milk vs cottage
gold-00031,יטבתה חלב 1% שומן 1 ליטר,7290000000010,False,milk-1pct-1l,exact,dairy,same barcode
gold-00031,יטבתה חלב 1% שומן 1 ליטר,7290000000010,False,milk-3pct-1l,no_match,dairy,hard negative: fat_pct 1 vs 3
gold-00031,יטבתה חלב 1% שומן 1 ליטר,7290000000010,False,yellow-cheese-28pct-200g,no_match,dairy,hard negative: product type milk vs yellow_cheese
gold-00032,חלב שופרסל 1% 1 ליטר,7290000000010,False,milk-1pct-1l,exact,dairy,same barcode
gold-00032,חלב שופרסל 1% 1 ליטר,7290000000010,False,milk-3pct-1l,no_match,dairy,hard negative: fat_pct 1 vs 3
gold-00032,חלב שופרסל 1% 1 ליטר,7290000000010,False,oat-drink-1l,no_match,dairy,hard negative: product type milk vs oat_drink
gold-00033,ח. טרי 1% 1 ליטר טרה,7296633287058,False,milk-1pct-1l,any_brand,dairy,critical attributes equal
gold-00033,ח. טרי 1% 1 ליטר טרה,7296633287058,False,milk-3pct-1l,no_match,dairy,hard negative: fat_pct 1 vs 3
gold-00033,ח. טרי 1% 1 ליטר טרה,7296633287058,False,sweet-cream-38pct-250ml,no_match,dairy,hard negative: product type milk vs sweet_cream
gold-00034,חלב תנובה 1% 1 ליטר,7291487625567,False,milk-1pct-1l,any_brand,dairy,critical attributes equal
gold-00034,חלב תנובה 1% 1 ליטר,7291487625567,False,milk-3pct-1l,no_match,dairy,hard negative: fat_pct 1 vs 3
gold-00034,חלב תנובה 1% 1 ליטר,7291487625567,False,butter-200g,no_match,dairy,hard negative: product type milk vs butter
gold-00035,חלב רמי לוי 1% 1 ל',7293848385817,False,milk-1pct-1l,any_brand,dairy,critical attributes equal
gold-00035,חלב רמי לוי 1% 1 ל',7293848385817,False,milk-3pct-1l,no_match,dairy,hard negative: fat_pct 1 vs 3
gold-00035,חלב רמי לוי 1% 1 ל',7293848385817,False,white-cheese-5pct-250g,no_match,dairy,hard negative: product type milk vs white_cheese
gold-00036,טרה חלב 1% שומן 1 ליטר,7291377309390,False,milk-1pct-1l,any_brand,dairy,critical attributes equal
gold-00036,טרה חלב 1% שומן 1 ליטר,7291377309390,False,milk-3pct-1l,no_match,dairy,hard negative: fat_pct 1 vs 3
gold-00036,טרה חלב 1% שומן 1 ליטר,7291377309390,False,soy-drink-1l,no_match,dairy,hard negative: product type milk vs soy_drink
gold-00037,יוחננוף חלב 1% שומן 1 ל',7293285534554,False,milk-1pct-1l,any_brand,dairy,critical attributes equal
gold-00037,יוחננוף חלב 1% שומן 1 ל',7293285534554,False,milk-3pct-1l,no_match,dairy,hard negative: fat_pct 1 vs 3
gold-00037,יוחננוף חלב 1% שומן 1 ל',7293285534554,False,oat-drink-1l,no_match,dairy,hard negative: product type milk vs oat_drink
gold-00038,חלב טרי 1% ויקטורי 1 ליטר,7292891667196,False,milk-1pct-1l,any_brand,dairy,critical attributes equal
gold-00038,חלב טרי 1% ויקטורי 1 ליטר,7292891667196,False,milk-3pct-1l,no_match,dairy,hard negative: fat_pct 1 vs 3
gold-00038,חלב טרי 1% ויקטורי 1 ליטר,7292891667196,False,yellow-cheese-9pct-200g,no_match,dairy,hard negative: product type milk vs yellow_cheese
gold-00039,חלב דל שומן 1% 1 ליטר שטראוס,7292071611433,False,milk-1pct-1l,any_brand,dairy,critical attributes equal
gold-00039,חלב דל שומן 1% 1 ליטר שטראוס,7292071611433,False,milk-3pct-1l,no_match,dairy,hard negative: fat_pct 1 vs 3
gold-00039,חלב דל שומן 1% 1 ליטר שטראוס,7292071611433,False,white-cheese-5pct-250g,no_match,dairy,hard negative: product type milk vs white_cheese
gold-00040,חלב דל שומן 1% 1 ל' יטבתה,7296169969554,False,milk-1pct-1l,any_brand,dairy,critical attributes equal
gold-00040,חלב דל שומן 1% 1 ל' יטבתה,7296169969554,False,milk-3pct-1l,no_match,dairy,hard negative: fat_pct 1 vs 3
gold-00040,חלב דל שומן 1% 1 ל' יטבתה,7296169969554,False,white-cheese-9pct-250g,no_match,dairy,hard negative: product type milk vs white_cheese
gold-00041,ח. טרי 1% 1 ליטר ויקטורי,7292197587606,False,milk-1pct-1l,any_brand,dairy,critical attributes equal
gold-00041,ח. טרי 1% 1 ליטר ויקטורי,7292197587606,False,milk-3pct-1l,no_match,dairy,hard negative: fat_pct 1 vs 3
gold-00041,ח. טרי 1% 1 ליטר ויקטורי,7292197587606,False,cottage-5pct-500g,no_match,dairy,hard negative: product type milk vs cottage
gold-00042,חלב דל שומן 1% 1 ליטר רמי לוי,7291273067227,False,milk-1pct-1l,any_brand,dairy,critical attributes equal
gold-00042,חלב דל שומן 1% 1 ליטר רמי לוי,7291273067227,False,milk-3pct-1l,no_match,dairy,hard negative: fat_pct 1 vs 3
gold-00042,חלב דל שומן 1% 1 ליטר רמי לוי,7291273067227,False,yellow-cheese-9pct-200g,no_match,dairy,hard negative: product type milk vs yellow_cheese
gold-00043,חלב דל שומן 1% 1 ליטר יטבתה,7299082988208,False,milk-1pct-1l,any_brand,dairy,critical attributes equal
gold-00043,חלב דל שומן 1% 1 ליטר יטבתה,7299082988208,False,milk-3pct-1l,no_match,dairy,hard negative: fat_pct 1 vs 3
gold-00043,חלב דל שומן 1% 1 ליטר יטבתה,7299082988208,False,sour-cream-15pct-200g,no_match,dairy,hard negative: product type milk vs sour_cream
gold-00044,חלב דל שומן 1% 1 ליטר יוחננוף,7296473136947,False,milk-1pct-1l,any_brand,dairy,critical attributes equal
gold-00044,חלב דל שומן 1% 1 ליטר יוחננוף,7296473136947,False,milk-3pct-1l,no_match,dairy,hard negative: fat_pct 1 vs 3
gold-00044,חלב דל שומן 1% 1 ליטר יוחננוף,7296473136947,False,cottage-3pct-250g,no_match,dairy,hard negative: product type milk vs cottage
gold-00045,חלב ויקטורי 1% 1 ליטר,7291675037203,False,milk-1pct-1l,any_brand,dairy,critical attributes equal
gold-00045,חלב ויקטורי 1% 1 ליטר,7291675037203,False,milk-3pct-1l,no_match,dairy,hard negative: fat_pct 1 vs 3
gold-00045,חלב ויקטורי 1% 1 ליטר,7291675037203,False,soy-drink-1l,no_match,dairy,hard negative: product type milk vs soy_drink
gold-00046,ח. טרי 1% 2 ל' שטראוס,7293421159819,False,milk-1pct-1l,close,dairy,soft differs: pack size 2000 vs 1000 ml
gold-00046,ח. טרי 1% 2 ל' שטראוס,7293421159819,False,milk-3pct-1l,no_match,dairy,hard negative: fat_pct 1 vs 3
gold-00046,ח. טרי 1% 2 ל' שטראוס,7293421159819,False,soy-drink-1l,no_match,dairy,hard negative: product type milk vs soy_drink
gold-00047,ח. טרי 1% 1 ליטר שטראוס,7297897187337,False,milk-1pct-1l,any_brand,dairy,critical attributes equal
gold-00047,ח. טרי 1% 1 ליטר שטראוס,7297897187337,False,milk-3pct-1l,no_match,dairy,hard negative: fat_pct 1 vs 3
gold-00047,ח. טרי 1% 1 ליטר שטראוס,7297897187337,False,cottage-5pct-500g,no_match,dairy,hard negative: product type milk vs cottage
gold-00048,חלב טרי 1% יוחננוף 2 ל',7295221685496,False,milk-1pct-1l,close,dairy,soft differs: pack size 2000 vs 1000 ml
gold-00048,חלב טרי 1% יוחננוף 2 ל',7295221685496,False,milk-3pct-1l,no_match,dairy,hard negative: fat_pct 1 vs 3
gold-00048,חלב טרי 1% יוחננוף 2 ל',7295221685496,False,yellow-cheese-28pct-200g,no_match,dairy,hard negative: product type milk vs yellow_cheese
gold-00049,חלב טרה 1% 1 ליטר,7298642335022,False,milk-1pct-1l,any_brand,dairy,critical attributes equal
gold-00049,חלב טרה 1% 1 ליטר,7298642335022,False,milk-3pct-1l,no_match,dairy,hard negative: fat_pct 1 vs 3
gold-00049,חלב טרה 1% 1 ליטר,7298642335022,False,white-cheese-9pct-250g,no_match,dairy,hard negative: product type milk vs white_cheese
gold-00050,חלב טרי 1% תנובה 1 ליטר,7294995558687,False,milk-1pct-1l,any_brand,dairy,critical attributes equal
gold-00050,חלב טרי 1% תנובה 1 ליטר,7294995558687,False,milk-3pct-1l,no_match,dairy,hard negative: fat_pct 1 vs 3
gold-00050,חלב טרי 1% תנובה 1 ליטר,7294995558687,False,cottage-5pct-250g,no_match,dairy,hard negative: product type milk vs cottage
gold-00051,חלב טרי 1% שופרסל 1 ליטר,7291755174188,False,milk-1pct-1l,any_brand,dairy,critical attributes equal
gold-00051,חלב טרי 1% שופרסל 1 ליטר,7291755174188,False,milk-3pct-1l,no_match,dairy,hard negative: fat_pct 1 vs 3
gold-00051,חלב טרי 1% שופרסל 1 ליטר,7291755174188,False,eggs-l-12,no_match,dairy,hard negative: product type milk vs eggs
gold-00052,ח. טרי 1% 2 ל' יוחננוף,7293449156548,False,milk-1pct-1l,close,dairy,soft differs: pack size 2000 vs 1000 ml
gold-00052,ח. טרי 1% 2 ל' יוחננוף,7293449156548,False,milk-3pct-1l,no_match,dairy,hard negative: fat_pct 1 vs 3
gold-00052,ח. טרי 1% 2 ל' יוחננוף,7293449156548,False,sour-cream-15pct-200g,no_match,dairy,hard negative: product type milk vs sour_cream
gold-00053,חלב טרי 1% יטבתה 1 ליטר,7298993614908,False,milk-1pct-1l,any_brand,dairy,critical attributes equal
gold-00053,חלב טרי 1% יטבתה 1 ליטר,7298993614908,False,milk-3pct-1l,no_match,dairy,hard negative: fat_pct 1 vs 3
gold-00053,חלב טרי 1% יטבתה 1 ליטר,7298993614908,False,almond-drink-1l,no_match,dairy,hard negative: product type milk vs almond_drink
gold-00054,חלב דל שומן 1% 1 ליטר טרה,7297790367077,False,milk-1pct-1l,any_brand,dairy,critical attributes equal
gold-00054,חלב דל שומן 1% 1 ליטר טרה,7297790367077,False,milk-3pct-1l,no_match,dairy,hard negative: fat_pct 1 vs 3
gold-00054,חלב דל שומן 1% 1 ליטר טרה,7297790367077,False,white-cheese-9pct-250g,no_match,dairy,hard negative: product type milk vs white_cheese
gold-00055,תנובה חלב 1% שומן 1 ל',7290413656496,False,milk-1pct-1l,any_brand,dairy,critical attributes equal
gold-00055,תנובה חלב 1% שומן 1 ל',7290413656496,False,milk-3pct-1l,no_match,dairy,hard negative: fat_pct 1 vs 3
gold-00055,תנובה חלב 1% שומן 1 ל',7290413656496,False,white-cheese-5pct-250g,no_match,dairy,hard negative: product type milk vs white_cheese
gold-00056,חלב דל שומן 1% 1 ליטר תנובה,7292024753138,False,milk-1pct-1l,any_brand,dairy,critical attributes equal
gold-00056,חלב דל שומן 1% 1 ליטר תנובה,7292024753138,False,milk-3pct-1l,no_match,dairy,hard negative: fat_pct 1 vs 3
gold-00056,חלב דל שומן 1% 1 ליטר תנובה,7292024753138,False,cottage-5pct-250g,no_match,dairy,hard negative: product type milk vs cottage
gold-00057,רמי לוי קוטג' 5% שומן 250 גרם,7290000000020,False,cottage-5pct-250g,exact,dairy,same barcode
gold-00057,רמי לוי קוטג' 5% שומן 250 גרם,7290000000020,False,cottage-3pct-250g,no_match,dairy,hard negative: fat_pct 5 vs 3
gold-00057,רמי לוי קוטג' 5% שומן 250 גרם,7290000000020,False,cottage-5pct-500g,close,dairy,soft differs: pack size 250 vs 500 g
gold-00057,רמי לוי קוטג' 5% שומן 250 גרם,7290000000020,False,soy-drink-1l,no_match,dairy,hard negative: product type cottage vs soy_drink
gold-00058,קוטג' 5% השחר 250 גרם,7290000000020,False,cottage-5pct-250g,exact,dairy,same barcode
gold-00058,קוטג' 5% השחר 250 גרם,7290000000020,False,cottage-3pct-250g,no_match,dairy,hard negative: fat_pct 5 vs 3
gold-00058,קוטג' 5% השחר 250 גרם,7290000000020,False,cottage-5pct-500g,close,dairy,soft differs: pack size 250 vs 500 g
gold-00058,קוטג' 5% השחר 250 גרם,7290000000020,False,yogurt-3pct-200g,no_match,dairy,hard negative: product type cottage vs yogurt
gold-00059,גבינת קוטג' 5% 250 גרם רמי לוי,7291843619255,False,cottage-5pct-250g,any_brand,dairy,critical attributes equal
gold-00059,גבינת קוטג' 5% 250 גרם רמי לוי,7291843619255,False,cottage-3pct-250g,no_match,dairy,hard negative: fat_pct 5 vs 3
gold-00059,גבינת קוטג' 5% 250 גרם רמי לוי,7291843619255,False,cottage-5pct-500g,close,dairy,soft differs: pack size 250 vs 500 g
gold-00059,גבינת קוטג' 5% 250 גרם רמי לוי,7291843619255,False,yogurt-1.5pct-200g,no_match,dairy,hard negative: product type cottage vs yogurt
gold-00060,גבינת קוטג' 5% 250 גרם גד,7291059227754,False,cottage-5pct-250g,any_brand,dairy,critical attributes equal
gold-00060,גבינת קוטג' 5% 250 גרם גד,7291059227754,False,cottage-3pct-250g,no_match,dairy,hard negative: fat_pct 5 vs 3
gold-00060,גבינת קוטג' 5% 250 גרם גד,7291059227754,False,cottage-5pct-500g,close,dairy,soft differs: pack size 250 vs 500 g
gold-00060,גבינת קוטג' 5% 250 גרם גד,7291059227754,False,oat-drink-1l,no_match,dairy,hard negative: product type cottage vs oat_drink
gold-00061,קוטג רמי לוי 5% 250 גרם,7290871132122,False,cottage-5pct-250g,any_brand,dairy,critical attributes equal
gold-00061,קוטג רמי לוי 5% 250 גרם,7290871132122,False,cottage-3pct-250g,no_match,dairy,hard negative: fat_pct 5 vs 3
gold-00061,קוטג רמי לוי 5% 250 גרם,7290871132122,False,cottage-5pct-500g,close,dairy,soft differs: pack size 250 vs 500 g
gold-00061,קוטג רמי לוי 5% 250 גרם,7290871132122,False,butter-200g,no_match,dairy,hard negative: product type cottage vs butter
gold-00062,קוטג מחלבות גד 5% 250 גרם,7292811842678,False,cottage-5pct-250g,any_brand,dairy,critical attributes equal
gold-00062,קוטג מחלבות גד 5% 250 גרם,7292811842678,False,cottage-3pct-250g,no_match,dairy,hard negative: fat_pct 5 vs 3
gold-00062,קוטג מחלבות גד 5% 250 גרם,7292811842678,False,cottage-5pct-500g,close,dairy,soft differs: pack size 250 vs 500 g
gold-00062,קוטג מחלבות גד 5% 250 גרם,7292811842678,False,milk-3pct-1l,no_match,dairy,hard negative: product type cottage vs milk
gold-00063,השחר קוטג' 5% שומן 250 גרם,7291395467328,False,cottage-5pct-250g,any_brand,dairy,critical attributes equal
gold-00063,השחר קוטג' 5% שומן 250 גרם,7291395467328,False,cottage-3pct-250g,no_match,dairy,hard negative: fat_pct 5 vs 3
gold-00063,השחר קוטג' 5% שומן 250 גרם,7291395467328,False,cottage-5pct-500g,close,dairy,soft differs: pack size 250 vs 500 g
gold-00063,השחר קוטג' 5% שומן 250 גרם,7291395467328,False,soy-drink-1l,no_match,dairy,hard negative: product type cottage vs soy_drink
gold-00064,קוטג' 5% שופרסל 250 גרם,7291389981837,False,cottage-5pct-250g,any_brand,dairy,critical attributes equal
gold-00064,קוטג' 5% שופרסל 250 גרם,7291389981837,False,cottage-3pct-250g,no_match,dairy,hard negative: fat_pct 5 vs 3
gold-00064,קוטג' 5% שופרסל 250 גרם,7291389981837,False,cottage-5pct-500g,close,dairy,soft differs: pack size 250 vs 500 g
gold-00064,קוטג' 5% שופרסל 250 גרם,7291389981837,False,sour-cream-15pct-200g,no_match,dairy,hard negative: product type cottage vs sour_cream
gold-00065,קוטג' 5% גד 250 גרם,7299193335649,False,cottage-5pct-250g,any_brand,dairy,critical attributes equal
gold-00065,קוטג' 5% גד 250 גרם,7299193335649,False,cottage-3pct-250g,no_match,dairy,hard negative: fat_pct 5 vs 3
gold-00065,קוטג' 5% גד 250 גרם,7299193335649,False,cottage-5pct-500g,close,dairy,soft differs: pack size 250 vs 500 g
gold-00065,קוטג' 5% גד 250 גרם,7299193335649,False,yogurt-3pct-200g,no_match,dairy,hard negative: product type cottage vs yogurt
gold-00066,השחר קוטג' 5% שומן 250 ג',7290686374990,False,cottage-5pct-250g,any_brand,dairy,critical attributes equal
gold-00066,השחר קוטג' 5% שומן 250 ג',7290686374990,False,cottage-3pct-250g,no_match,dairy,hard negative: fat_pct 5 vs 3
gold-00066,השחר קוטג' 5% שומן 250 ג',7290686374990,False,cottage-5pct-500g,close,dairy,soft differs: pack size 250 vs 500 g
gold-00066,השחר קוטג' 5% שומן 250 ג',7290686374990,False,milk-1pct-1l,no_match,dairy,hard negative: product type cottage vs milk
gold-00067,שטראוס קוטג' 5% שומן 250 גרם,7290974169483,False,cottage-5pct-250g,any_brand,dairy,critical attributes equal
gold-00067,שטראוס קוטג' 5% שומן 250 גרם,7290974169483,False,cottage-3pct-250g,no_match,dairy,hard negative: fat_pct 5 vs 3
gold-00067,שטראוס קוטג' 5% שומן 250 גרם,7290974169483,False,cottage-5pct-500g,close,dairy,soft differs: pack size 250 vs 500 g
gold-00067,שטראוס קוטג' 5% שומן 250 גרם,7290974169483,False,milk-1pct-1l,no_match,dairy,hard negative: product type cottage vs milk
gold-00068,קוטג השחר 5% 250 גרם,7293111417753,False,cottage-5pct-250g,any_brand,dairy,critical attributes equal
gold-00068,קוטג השחר 5% 250 גרם,7293111417753,False,cottage-3pct-250g,no_match,dairy,hard negative: fat_pct 5 vs 3
gold-00068,קוטג השחר 5% 250 גרם,7293111417753,False,cottage-5pct-500g,close,dairy,soft differs: pack size 250 vs 500 g
gold-00068,קוטג השחר 5% 250 גרם,7293111417753,False,yogurt-3pct-200g,no_match,dairy,hard negative: product type cottage vs yogurt
gold-00069,קוטג' 5% מחלבות גד 250 גרם,7291219675883,False,cottage-5pct-250g,any_brand,dairy,critical attributes equal
gold-00069,קוטג' 5% מחלבות גד 250 גרם,7291219675883,False,cottage-3pct-250g,no_match,dairy,hard negative: fat_pct 5 vs 3
gold-00069,קוטג' 5% מחלבות גד 250 גרם,7291219675883,False,cottage-5pct-500g,close,dairy,soft differs: pack size 250 vs 500 g
gold-00069,קוטג' 5% מחלבות גד 250 גרם,7291219675883,False,oat-drink-1l,no_match,dairy,hard negative: product type cottage vs oat_drink
gold-00070,שופרסל קוטג' 5% שומן 250 גרם,7294489884172,False,cottage-5pct-250g,any_brand,dairy,critical attributes equal
gold-00070,שופרסל קוטג' 5% שומן 250 גרם,7294489884172,False,cottage-3pct-250g,no_match,dairy,hard negative: fat_pct 5 vs 3
gold-00070,שופרסל קוטג' 5% שומן 250 גרם,7294489884172,False,cottage-5pct-500g,close,dairy,soft differs: pack size 250 vs 500 g
gold-00070,שופרסל קוטג' 5% שומן 250 גרם,7294489884172,False,milk-1pct-1l,no_match,dairy,hard negative: product type cottage vs milk
gold-00071,קוטג תנובה 5% 250 ג',7295931589614,False,cottage-5pct-250g,any_brand,dairy,critical attributes equal
gold-00071,קוטג תנובה 5% 250 ג',7295931589614,False,cottage-3pct-250g,no_match,dairy,hard negative: fat_pct 5 vs 3
gold-00071,קוטג תנובה 5% 250 ג',7295931589614,False,cottage-5pct-500g,close,dairy,soft differs: pack size 250 vs 500 g
gold-00071,קוטג תנובה 5% 250 ג',7295931589614,False,soy-drink-1l,no_match,dairy,hard negative: product type cottage vs soy_drink
gold-00072,גבינת קוטג' 5% 250 גרם השחר,7295378849788,False,cottage-5pct-250g,any_brand,dairy,critical attributes equal
gold-00072,גבינת קוטג' 5% 250 גרם השחר,7295378849788,False,cottage-3pct-250g,no_match,dairy,hard negative: fat_pct 5 vs 3
gold-00072,גבינת קוטג' 5% 250 גרם השחר,7295378849788,False,cottage-5pct-500g,close,dairy,soft differs: pack size 250 vs 500 g
gold-00072,גבינת קוטג' 5% 250 גרם השחר,7295378849788,False,almond-drink-1l,no_match,dairy,hard negative: product type cottage vs almond_drink
gold-00073,קוטג' 5% תנובה 250 ג',7298364343878,False,cottage-5pct-250g,any_brand,dairy,critical attributes equal
gold-00073,קוטג' 5% תנובה 250 ג',7298364343878,False,cottage-3pct-250g,no_match,dairy,hard negative: fat_pct 5 vs 3
gold-00073,קוטג' 5% תנובה 250 ג',7298364343878,False,cottage-5pct-500g,close,dairy,soft differs: pack size 250 vs 500 g
gold-00073,קוטג' 5% תנובה 250 ג',7298364343878,False,white-cheese-5pct-250g,no_match,dairy,hard negative: product type cottage vs white_cheese
gold-00074,גבינת קוטג' 5% 250 גרם שופרסל,7295705403573,False,cottage-5pct-250g,any_brand,dairy,critical attributes equal
gold-00074,גבינת קוטג' 5% 250 גרם שופרסל,7295705403573,False,cottage-3pct-250g,no_match,dairy,hard negative: fat_pct 5 vs 3
gold-00074,גבינת קוטג' 5% 250 גרם שופרסל,7295705403573,False,cottage-5pct-500g,close,dairy,soft differs: pack size 250 vs 500 g
gold-00074,גבינת קוטג' 5% 250 גרם שופרסל,7295705403573,False,sour-cream-15pct-200g,no_match,dairy,hard negative: product type cottage vs sour_cream
gold-00075,קוטג תנובה 5% 250 גרם,7290094817709,False,cottage-5pct-250g,any_brand,dairy,critical attributes equal
gold-00075,קוטג תנובה 5% 250 גרם,7290094817709,False,cottage-3pct-250g,no_match,dairy,hard negative: fat_pct 5 vs 3
gold-00075,קוטג תנובה 5% 250 גרם,7290094817709,False,cottage-5pct-500g,close,dairy,soft differs: pack size 250 vs 500 g
gold-00075,קוטג תנובה 5% 250 גרם,7290094817709,False,yogurt-3pct-200g,no_match,dairy,hard negative: product type cottage vs yogurt
gold-00076,קוטג' 5% תנובה 250 גרם,7298719576856,False,cottage-5pct-250g,any_brand,dairy,critical attributes equal
gold-00076,קוטג' 5% תנובה 250 גרם,7298719576856,False,cottage-3pct-250g,no_match,dairy,hard negative: fat_pct 5 vs 3
gold-00076,קוטג' 5% תנובה 250 גרם,7298719576856,False,cottage-5pct-500g,close,dairy,soft differs: pack size 250 vs 500 g
gold-00076,קוטג' 5% תנובה 250 גרם,7298719576856,False,almond-drink-1l,no_match,dairy,hard negative: product type cottage vs almond_drink
gold-00077,תנובה קוטג' 5% שומן 250 גרם,7290478334936,False,cottage-5pct-250g,any_brand,dairy,critical attributes equal
gold-00077,תנובה קוטג' 5% שומן 250 גרם,7290478334936,False,cottage-3pct-250g,no_match,dairy,hard negative: fat_pct 5 vs 3
gold-00077,תנובה קוטג' 5% שומן 250 גרם,7290478334936,False,cottage-5pct-500g,close,dairy,soft differs: pack size 250 vs 500 g
gold-00077,תנובה קוטג' 5% שומן 250 גרם,7290478334936,False,sweet-cream-38pct-250ml,no_match,dairy,hard negative: product type cottage vs sweet_cream
gold-00078,קוטג' 5% שטראוס 250 גרם,7296379933650,False,cottage-5pct-250g,any_brand,dairy,critical attributes equal
gold-00078,קוטג' 5% שטראוס 250 גרם,7296379933650,False,cottage-3pct-250g,no_match,dairy,hard negative: fat_pct 5 vs 3
gold-00078,קוטג' 5% שטראוס 250 גרם,7296379933650,False,cottage-5pct-500g,close,dairy,soft differs: pack size 250 vs 500 g
gold-00078,קוטג' 5% שטראוס 250 גרם,7296379933650,False,yellow-cheese-28pct-200g,no_match,dairy,hard negative: product type cottage vs yellow_cheese
gold-00079,קוטג' 5% שטראוס 500 גרם,7290000000030,False,cottage-5pct-500g,exact,dairy,same barcode
gold-00079,קוטג' 5% שטראוס 500 גרם,7290000000030,False,cottage-5pct-250g,close,dairy,soft differs: pack size 500 vs 250 g
gold-00079,קוטג' 5% שטראוס 500 גרם,7290000000030,False,cottage-3pct-250g,no_match,dairy,hard negative: fat_pct 5 vs 3
gold-00079,קוטג' 5% שטראוס 500 גרם,7290000000030,False,yogurt-1.5pct-200g,no_match,dairy,hard negative: product type cottage vs yogurt
gold-00080,גבינת קוטג' 5% 500 גרם מחלבות גד,7290000000030,False,cottage-5pct-500g,exact,dairy,same barcode
gold-00080,גבינת קוטג' 5% 500 גרם מחלבות גד,7290000000030,False,cottage-5pct-250g,close,dairy,soft differs: pack size 500 vs 250 g
gold-00080,גבינת קוטג' 5% 500 גרם מחלבות גד,7290000000030,False,cottage-3pct-250g,no_match,dairy,hard negative: fat_pct 5 vs 3
gold-00080,גבינת קוטג' 5% 500 גרם מחלבות גד,7290000000030,False,white-cheese-5pct-250g,no_match,dairy,hard negative: product type cottage vs white_cheese
gold-00081,קוטג שופרסל 5% 500 ג',7294197269334,False,cottage-5pct-500g,any_brand,dairy,critical attributes equal
gold-00081,קוטג שופרסל 5% 500 ג',7294197269334,False,cottage-5pct-250g,close,dairy,soft differs: pack size 500 vs 250 g
gold-00081,קוטג שופרסל 5% 500 ג',7294197269334,False,cottage-3pct-250g,no_match,dairy,hard negative: fat_pct 5 vs 3
gold-00081,קוטג שופרסל 5% 500 ג',7294197269334,False,yogurt-3pct-200g,no_match,dairy,hard negative: product type cottage vs yogurt
gold-00082,קוטג גד 5% 500 גרם,7292028857150,False,cottage-5pct-500g,any_brand,dairy,critical attributes equal
gold-00082,קוטג גד 5% 500 גרם,7292028857150,False,cottage-5pct-250g,close,dairy,soft differs: pack size 500 vs 250 g
gold-00082,קוטג גד 5% 500 גרם,7292028857150,False,cottage-3pct-250g,no_match,dairy,hard negative: fat_pct 5 vs 3
gold-00082,קוטג גד 5% 500 גרם,7292028857150,False,sweet-cream-38pct-250ml,no_match,dairy,hard negative: product type cottage vs sweet_cream
gold-00083,קוטג' 5% השחר 500 גרם,7290665924855,False,cottage-5pct-500g,any_brand,dairy,critical attributes equal
gold-00083,קוטג' 5% השחר 500 גרם,7290665924855,False,cottage-5pct-250g,close,dairy,soft differs: pack size 500 vs 250 g
gold-00083,קוטג' 5% השחר 500 גרם,7290665924855,False,cottage-3pct-250g,no_match,dairy,hard negative: fat_pct 5 vs 3
gold-00083,קוטג' 5% השחר 500 גרם,7290665924855,False,soy-drink-1l,no_match,dairy,hard negative: product type cottage vs soy_drink
gold-00084,גבינת קוטג' 5% 500 ג' השחר,7291006486793,False,cottage-5pct-500g,any_brand,dairy,critical attributes equal
gold-00084,גבינת קוטג' 5% 500 ג' השחר,7291006486793,False,cottage-5pct-250g,close,dairy,soft differs: pack size 500 vs 250 g
gold-00084,גבינת קוטג' 5% 500 ג' השחר,7291006486793,False,cottage-3pct-250g,no_match,dairy,hard negative: fat_pct 5 vs 3
gold-00084,גבינת קוטג' 5% 500 ג' השחר,7291006486793,False,yellow-cheese-28pct-200g,no_match,dairy,hard negative: product type cottage vs yellow_cheese
gold-00085,קוטג' 5% תנובה 500 גרם,7297471472680,False,cottage-5pct-500g,any_brand,dairy,critical attributes equal
gold-00085,קוטג' 5% תנובה 500 גרם,7297471472680,False,cottage-5pct-250g,close,dairy,soft differs: pack size 500 vs 250 g
gold-00085,קוטג' 5% תנובה 500 גרם,7297471472680,False,cottage-3pct-250g,no_match,dairy,hard negative: fat_pct 5 vs 3
gold-00085,קוטג' 5% תנובה 500 גרם,7297471472680,False,butter-200g,no_match,dairy,hard negative: product type cottage vs butter
gold-00086,קוטג השחר 5% 500 גרם,7290944637754,False,cottage-5pct-500g,any_brand,dairy,critical attributes equal
gold-00086,קוטג השחר 5% 500 גרם,7290944637754,False,cottage-5pct-250g,close,dairy,soft differs: pack size 500 vs 250 g
gold-00086,קוטג השחר 5% 500 גרם,7290944637754,False,cottage-3pct-250g,no_match,dairy,hard negative: fat_pct 5 vs 3
gold-00086,קוטג השחר 5% 500 גרם,7290944637754,False,almond-drink-1l,no_match,dairy,hard negative: product type cottage vs almond_drink
gold-00087,גבינת קוטג' 5% 500 גרם השחר,7290148492748,False,cottage-5pct-500g,any_brand,dairy,critical attributes equal
gold-00087,גבינת קוטג' 5% 500 גרם השחר,7290148492748,False,cottage-5pct-250g,close,dairy,soft differs: pack size 500 vs 250 g
gold-00087,גבינת קוטג' 5% 500 גרם השחר,7290148492748,False,cottage-3pct-250g,no_match,dairy,hard negative: fat_pct 5 vs 3
gold-00087,גבינת קוטג' 5% 500 גרם השחר,7290148492748,False,milk-1pct-1l,no_match,dairy,hard negative: product type cottage vs milk
gold-00088,קוטג מחלבות גד 5% 500 גרם,7291264772883,False,cottage-5pct-500g,any_brand,dairy,critical attributes equal
gold-00088,קוטג מחלבות גד 5% 500 גרם,7291264772883,False,cottage-5pct-250g,close,dairy,soft differs: pack size 500 vs 250 g
gold-00088,קוטג מחלבות גד 5% 500 גרם,7291264772883,False,cottage-3pct-250g,no_match,dairy,hard negative: fat_pct 5 vs 3
gold-00088,קוטג מחלבות גד 5% 500 גרם,7291264772883,False,white-cheese-9pct-250g,no_match,dairy,hard negative: product type cottage vs white_cheese
gold-00089,קוטג תנובה 5% 500 גרם,7295635607247,False,cottage-5pct-500g,any_brand,dairy,critical attributes equal
gold-00089,קוטג תנובה 5% 500 גרם,7295635607247,False,cottage-5pct-250g,close,dairy,soft differs: pack size 500 vs 250 g
gold-00089,קוטג תנובה 5% 500 גרם,7295635607247,False,cottage-3pct-250g,no_match,dairy,hard negative: fat_pct 5 vs 3
gold-00089,קוטג תנובה 5% 500 גרם,7295635607247,False,oat-drink-1l,no_match,dairy,hard negative: product type cottage vs oat_drink
gold-00090,קוטג' 5% השחר 500 ג',7298380642734,False,cottage-5pct-500g,any_brand,dairy,critical attributes equal
gold-00090,קוטג' 5% השחר 500 ג',7298380642734,False,cottage-5pct-250g,close,dairy,soft differs: pack size 500 vs 250 g
gold-00090,קוטג' 5% השחר 500 ג',7298380642734,False,cottage-3pct-250g,no_match,dairy,hard negative: fat_pct 5 vs 3
gold-00090,קוטג' 5% השחר 500 ג',7298380642734,False,eggs-l-12,no_match,dairy,hard negative: product type cottage vs eggs
gold-00091,קוטג' 5% מחלבות גד 500 גרם,7295122726651,False,cottage-5pct-500g,any_brand,dairy,critical attributes equal
gold-00091,קוטג' 5% מחלבות גד 500 גרם,7295122726651,False,cottage-5pct-250g,close,dairy,soft differs: pack size 500 vs 250 g
gold-00091,קוטג' 5% מחלבות גד 500 גרם,7295122726651,False,cottage-3pct-250g,no_match,dairy,hard negative: fat_pct 5 vs 3
gold-00091,קוטג' 5% מחלבות גד 500 גרם,7295122726651,False,eggs-l-12,no_match,dairy,hard negative: product type cottage vs eggs
gold-00092,גבינת קוטג' 5% 500 גרם שטראוס,7292640085398,False,cottage-5pct-500g,any_brand,dairy,critical attributes equal
gold-00092,גבינת קוטג' 5% 500 גרם שטראוס,7292640085398,False,cottage-5pct-250g,close,dairy,soft differs: pack size 500 vs 250 g
gold-00092,גבינת קוטג' 5% 500 גרם שטראוס,7292640085398,False,cottage-3pct-250g,no_match,dairy,hard negative: fat_pct 5 vs 3
gold-00092,גבינת קוטג' 5% 500 גרם שטראוס,7292640085398,False,sour-cream-15pct-200g,no_match,dairy,hard negative: product type cottage vs sour_cream
gold-00093,קוטג' 3% שטראוס 250 גרם,7290000000040,False,cottage-3pct-250g,exact,dairy,same barcode
gold-00093,קוטג' 3% שטראוס 250 גרם,7290000000040,False,cottage-5pct-250g,no_match,dairy,hard negative: fat_pct 3 vs 5
gold-00093,קוטג' 3% שטראוס 250 גרם,7290000000040,False,cottage-5pct-500g,no_match,dairy,hard negative: fat_pct 3 vs 5
gold-00094,קוטג מחלבות גד 3% 250 גרם,7290000000040,False,cottage-3pct-250g,exact,dairy,same barcode
gold-00094,קוטג מחלבות גד 3% 250 גרם,7290000000040,False,cottage-5pct-250g,no_match,dairy,hard negative: fat_pct 3 vs 5
gold-00094,קוטג מחלבות גד 3% 250 גרם,7290000000040,False,sour-cream-15pct-200g,no_match,dairy,hard negative: product type cottage vs sour_cream
gold-00095,קוטג' 3% שופרסל 250 גרם,7294565732936,False,cottage-3pct-250g,any_brand,dairy,critical attributes equal
gold-00095,קוטג' 3% שופרסל 250 גרם,7294565732936,False,cottage-5pct-250g,no_match,dairy,hard negative: fat_pct 3 vs 5
gold-00095,קוטג' 3% שופרסל 250 גרם,7294565732936,False,yellow-cheese-28pct-200g,no_match,dairy,hard negative: product type cottage vs yellow_cheese
gold-00096,קוטג גד 3% 250 גרם,7297841467836,False,cottage-3pct-250g,any_brand,dairy,critical attributes equal
gold-00096,קוטג גד 3% 250 גרם,7297841467836,False,cottage-5pct-250g,no_match,dairy,hard negative: fat_pct 3 vs 5
gold-00096,קוטג גד 3% 250 גרם,7297841467836,False,soy-drink-1l,no_match,dairy,hard negative: product type cottage vs soy_drink
gold-00097,קוטג רמי לוי 3% 250 גרם,7295157410382,False,cottage-3pct-250g,any_brand,dairy,critical attributes equal
gold-00097,קוטג רמי לוי 3% 250 גרם,7295157410382,False,cottage-5pct-250g,no_match,dairy,hard negative: fat_pct 3 vs 5
gold-00097,קוטג רמי לוי 3% 250 גרם,7295157410382,False,white-cheese-5pct-250g,no_match,dairy,hard negative: product type cottage vs white_cheese
gold-00098,קוטג' 3% רמי לוי 250 גרם,7296073607065,False,cottage-3pct-250g,any_brand,dairy,critical attributes equal
gold-00098,קוטג' 3% רמי לוי 250 גרם,7296073607065,False,cottage-5pct-250g,no_match,dairy,hard negative: fat_pct 3 vs 5
gold-00098,קוטג' 3% רמי לוי 250 גרם,7296073607065,False,white-cheese-5pct-250g,no_match,dairy,hard negative: product type cottage vs white_cheese
gold-00099,קוטג תנובה 3% 250 גרם,7294993998620,False,cottage-3pct-250g,any_brand,dairy,critical attributes equal
gold-00099,קוטג תנובה 3% 250 גרם,7294993998620,False,cottage-5pct-250g,no_match,dairy,hard negative: fat_pct 3 vs 5
gold-00099,קוטג תנובה 3% 250 גרם,7294993998620,False,almond-drink-1l,no_match,dairy,hard negative: product type cottage vs almond_drink
gold-00100,קוטג רמי לוי 3% 500 גרם,7292494416546,False,cottage-3pct-250g,close,dairy,soft differs: pack size 500 vs 250 g
gold-00100,קוטג רמי לוי 3% 500 גרם,7292494416546,False,cottage-5pct-250g,no_match,dairy,hard negative: fat_pct 3 vs 5
gold-00100,קוטג רמי לוי 3% 500 גרם,7292494416546,False,eggs-l-12,no_match,dairy,hard negative: product type cottage vs eggs
gold-00101,קוטג' לייט 3% 250 גרם תנובה,7290043310530,False,cottage-3pct-250g,any_brand,dairy,critical attributes equal
gold-00101,קוטג' לייט 3% 250 גרם תנובה,7290043310530,False,cottage-5pct-250g,no_match,dairy,hard negative: fat_pct 3 vs 5
gold-00101,קוטג' לייט 3% 250 גרם תנובה,7290043310530,False,white-cheese-5pct-250g,no_match,dairy,hard negative: product type cottage vs white_cheese
gold-00102,קוטג' לייט 3% 250 גרם מחלבות גד,7293376967458,False,cottage-3pct-250g,any_brand,dairy,critical attributes equal
gold-00102,קוטג' לייט 3% 250 גרם מחלבות גד,7293376967458,False,cottage-5pct-250g,no_match,dairy,hard negative: fat_pct 3 vs 5
gold-00102,קוטג' לייט 3% 250 גרם מחלבות גד,7293376967458,False,sweet-cream-38pct-250ml,no_match,dairy,hard negative: product type cottage vs sweet_cream
gold-00103,קוטג' לייט 3% 250 גרם שטראוס,7293326923446,False,cottage-3pct-250g,any_brand,dairy,critical attributes equal
gold-00103,קוטג' לייט 3% 250 גרם שטראוס,7293326923446,False,cottage-5pct-250g,no_match,dairy,hard negative: fat_pct 3 vs 5
gold-00103,קוטג' לייט 3% 250 גרם שטראוס,7293326923446,False,milk-1pct-1l,no_match,dairy,hard negative: product type cottage vs milk
gold-00104,קוטג' 3% תנובה 250 גרם,7293754180004,False,cottage-3pct-250g,any_brand,dairy,critical attributes equal
gold-00104,קוטג' 3% תנובה 250 גרם,7293754180004,False,cottage-5pct-250g,no_match,dairy,hard negative: fat_pct 3 vs 5
gold-00104,קוטג' 3% תנובה 250 גרם,7293754180004,False,butter-200g,no_match,dairy,hard negative: product type cottage vs butter
gold-00105,קוטג' לייט 3% 250 גרם שופרסל,7297796131491,False,cottage-3pct-250g,any_brand,dairy,critical attributes equal
gold-00105,קוטג' לייט 3% 250 גרם שופרסל,7297796131491,False,cottage-5pct-250g,no_match,dairy,hard negative: fat_pct 3 vs 5
gold-00105,קוטג' לייט 3% 250 גרם שופרסל,7297796131491,False,sour-cream-15pct-200g,no_match,dairy,hard negative: product type cottage vs sour_cream
gold-00106,קוטג' 3% מחלבות גד 250 גרם,7298509359345,False,cottage-3pct-250g,any_brand,dairy,critical attributes equal
gold-00106,קוטג' 3% מחלבות גד 250 גרם,7298509359345,False,cottage-5pct-250g,no_match,dairy,hard negative: fat_pct 3 vs 5
gold-00106,קוטג' 3% מחלבות גד 250 גרם,7298509359345,False,sour-cream-15pct-200g,no_match,dairy,hard negative: product type cottage vs sour_cream
gold-00107,קוטג שטראוס 3% 250 גרם,7295330018810,False,cottage-3pct-250g,any_brand,dairy,critical attributes equal
gold-00107,קוטג שטראוס 3% 250 גרם,7295330018810,False,cottage-5pct-250g,no_match,dairy,hard negative: fat_pct 3 vs 5
gold-00107,קוטג שטראוס 3% 250 גרם,7295330018810,False,milk-3pct-1l,no_match,dairy,hard negative: product type cottage vs milk
gold-00108,קוטג' לייט 3% 250 גרם גד,7290383419047,False,cottage-3pct-250g,any_brand,dairy,critical attributes equal
gold-00108,קוטג' לייט 3% 250 גרם גד,7290383419047,False,cottage-5pct-250g,no_match,dairy,hard negative: fat_pct 3 vs 5
gold-00108,קוטג' לייט 3% 250 גרם גד,7290383419047,False,sour-cream-15pct-200g,no_match,dairy,hard negative: product type cottage vs sour_cream
gold-00109,השחר גבינה לבנה 5% 500 גרם,7294214047745,False,white-cheese-5pct-250g,close,dairy,soft differs: pack size 500 vs 250 g
gold-00109,השחר גבינה לבנה 5% 500 גרם,7294214047745,False,white-cheese-9pct-250g,no_match,dairy,hard negative: fat_pct 5 vs 9
gold-00109,השחר גבינה לבנה 5% 500 גרם,7294214047745,False,eggs-l-12,no_match,dairy,hard negative: product type white_cheese vs eggs
gold-00110,גבינה לבנה 5% שטראוס 250 גרם,7290000000050,False,white-cheese-5pct-250g,exact,dairy,same barcode
gold-00110,גבינה לבנה 5% שטראוס 250 גרם,7290000000050,False,white-cheese-9pct-250g,no_match,dairy,hard negative: fat_pct 5 vs 9
gold-00110,גבינה לבנה 5% שטראוס 250 גרם,7290000000050,False,yogurt-3pct-200g,no_match,dairy,hard negative: product type white_cheese vs yogurt
gold-00111,גבינה לבנה 5% שופרסל 500 גרם,7291601704134,False,white-cheese-5pct-250g,close,dairy,soft differs: pack size 500 vs 250 g
gold-00111,גבינה לבנה 5% שופרסל 500 גרם,7291601704134,False,white-cheese-9pct-250g,no_match,dairy,hard negative: fat_pct 5 vs 9
gold-00111,גבינה לבנה 5% שופרסל 500 גרם,7291601704134,False,oat-drink-1l,no_match,dairy,hard negative: product type white_cheese vs oat_drink
gold-00112,גבינה לבנה רכה 5% 250 גרם שטראוס,7290000000050,False,white-cheese-5pct-250g,exact,dairy,same barcode
gold-00112,גבינה לבנה רכה 5% 250 גרם שטראוס,7290000000050,False,white-cheese-9pct-250g,no_match,dairy,hard negative: fat_pct 5 vs 9
gold-00112,גבינה לבנה רכה 5% 250 גרם שטראוס,7290000000050,False,cottage-3pct-250g,no_match,dairy,hard negative: product type white_cheese vs cottage
gold-00113,גבינה לבנה רכה 5% 250 גרם גד,7297325482858,False,white-cheese-5pct-250g,any_brand,dairy,critical attributes equal
gold-00113,גבינה לבנה רכה 5% 250 גרם גד,7297325482858,False,white-cheese-9pct-250g,no_match,dairy,hard negative: fat_pct 5 vs 9
gold-00113,גבינה לבנה רכה 5% 250 גרם גד,7297325482858,False,milk-1pct-1l,no_match,dairy,hard negative: product type white_cheese vs milk
gold-00114,גד גבינה לבנה 5% 250 גרם,7299531253984,False,white-cheese-5pct-250g,any_brand,dairy,critical attributes equal
gold-00114,גד גבינה לבנה 5% 250 גרם,7299531253984,False,white-cheese-9pct-250g,no_match,dairy,hard negative: fat_pct 5 vs 9
gold-00114,גד גבינה לבנה 5% 250 גרם,7299531253984,False,milk-1pct-1l,no_match,dairy,hard negative: product type white_cheese vs milk
gold-00115,שטראוס גבינה לבנה 5% 250 גרם,7299719128709,False,white-cheese-5pct-250g,any_brand,dairy,critical attributes equal
gold-00115,שטראוס גבינה לבנה 5% 250 גרם,7299719128709,False,white-cheese-9pct-250g,no_match,dairy,hard negative: fat_pct 5 vs 9
gold-00115,שטראוס גבינה לבנה 5% 250 גרם,7299719128709,False,soy-drink-1l,no_match,dairy,hard negative: product type white_cheese vs soy_drink
gold-00116,תנובה גבינה לבנה 5% 500 גרם,7294989585217,False,white-cheese-5pct-250g,close,dairy,soft differs: pack size 500 vs 250 g
gold-00116,תנובה גבינה לבנה 5% 500 גרם,7294989585217,False,white-cheese-9pct-250g,no_match,dairy,hard negative: fat_pct 5 vs 9
gold-00116,תנובה גבינה לבנה 5% 500 גרם,7294989585217,False,almond-drink-1l,no_match,dairy,hard negative: product type white_cheese vs almond_drink
gold-00117,גבינה לבנה 5% גד 250 גרם,7295568371749,False,white-cheese-5pct-250g,any_brand,dairy,critical attributes equal
gold-00117,גבינה לבנה 5% גד 250 גרם,7295568371749,False,white-cheese-9pct-250g,no_match,dairy,hard negative: fat_pct 5 vs 9
gold-00117,גבינה לבנה 5% גד 250 גרם,7295568371749,False,soy-drink-1l,no_match,dairy,hard negative: product type white_cheese vs soy_drink
gold-00118,השחר גבינה לבנה 5% 250 גרם,7298449962310,False,white-cheese-5pct-250g,any_brand,dairy,critical attributes equal
gold-00118,השחר גבינה לבנה 5% 250 גרם,7298449962310,False,white-cheese-9pct-250g,no_match,dairy,hard negative: fat_pct 5 vs 9
gold-00118,השחר גבינה לבנה 5% 250 גרם,7298449962310,False,cottage-3pct-250g,no_match,dairy,hard negative: product type white_cheese vs cottage
gold-00119,רמי לוי גבינה לבנה 5% 250 גרם,7294975515848,False,white-cheese-5pct-250g,any_brand,dairy,critical attributes equal
gold-00119,רמי לוי גבינה לבנה 5% 250 גרם,7294975515848,False,white-cheese-9pct-250g,no_match,dairy,hard negative: fat_pct 5 vs 9
gold-00119,רמי לוי גבינה לבנה 5% 250 גרם,7294975515848,False,cottage-3pct-250g,no_match,dairy,hard negative: product type white_cheese vs cottage
gold-00120,רמי לוי גבינה לבנה 5% 500 גרם,7290002188328,False,white-cheese-5pct-250g,close,dairy,soft differs: pack size 500 vs 250 g
gold-00120,רמי לוי גבינה לבנה 5% 500 גרם,7290002188328,False,white-cheese-9pct-250g,no_match,dairy,hard negative: fat_pct 5 vs 9
gold-00120,רמי לוי גבינה לבנה 5% 500 גרם,7290002188328,False,yellow-cheese-28pct-200g,no_match,dairy,hard negative: product type white_cheese vs yellow_cheese
gold-00121,גבינה לבנה 5% מחלבות גד 500 גרם,7291628817841,False,white-cheese-5pct-250g,close,dairy,soft differs: pack size 500 vs 250 g
gold-00121,גבינה לבנה 5% מחלבות גד 500 גרם,7291628817841,False,white-cheese-9pct-250g,no_match,dairy,hard negative: fat_pct 5 vs 9
gold-00121,גבינה לבנה 5% מחלבות גד 500 גרם,7291628817841,False,yellow-cheese-28pct-200g,no_match,dairy,hard negative: product type white_cheese vs yellow_cheese
gold-00122,מחלבות גד גבינה לבנה 5% 250 גרם,7295392713156,False,white-cheese-5pct-250g,any_brand,dairy,critical attributes equal
gold-00122,מחלבות גד גבינה לבנה 5% 250 גרם,7295392713156,False,white-cheese-9pct-250g,no_match,dairy,hard negative: fat_pct 5 vs 9
gold-00122,מחלבות גד גבינה לבנה 5% 250 גרם,7295392713156,False,yogurt-1.5pct-200g,no_match,dairy,hard negative: product type white_cheese vs yogurt
gold-00123,גבינה לבנה רכה 5% 250 גרם רמי לוי,7295855117556,False,white-cheese-5pct-250g,any_brand,dairy,critical attributes equal
gold-00123,גבינה לבנה רכה 5% 250 גרם רמי לוי,7295855117556,False,white-cheese-9pct-250g,no_match,dairy,hard negative: fat_pct 5 vs 9
gold-00123,גבינה לבנה רכה 5% 250 גרם רמי לוי,7295855117556,False,sweet-cream-38pct-250ml,no_match,dairy,hard negative: product type white_cheese vs sweet_cream
gold-00124,גבינה לבנה רכה 5% 500 גרם השחר,7299729334741,False,white-cheese-5pct-250g,close,dairy,soft differs: pack size 500 vs 250 g
gold-00124,גבינה לבנה רכה 5% 500 גרם השחר,7299729334741,False,white-cheese-9pct-250g,no_match,dairy,hard negative: fat_pct 5 vs 9
gold-00124,גבינה לבנה רכה 5% 500 גרם השחר,7299729334741,False,almond-drink-1l,no_match,dairy,hard negative: product type white_cheese vs almond_drink
gold-00125,גבינה לבנה 5% השחר 250 גרם,7298294070264,False,white-cheese-5pct-250g,any_brand,dairy,critical attributes equal
gold-00125,גבינה לבנה 5% השחר 250 גרם,7298294070264,False,white-cheese-9pct-250g,no_match,dairy,hard negative: fat_pct 5 vs 9
gold-00125,גבינה לבנה 5% השחר 250 גרם,7298294070264,False,oat-drink-1l,no_match,dairy,hard negative: product type white_cheese vs oat_drink
gold-00126,גבינה לבנה רכה 5% 250 גרם מחלבות גד,7298755679519,False,white-cheese-5pct-250g,any_brand,dairy,critical attributes equal
gold-00126,גבינה לבנה רכה 5% 250 גרם מחלבות גד,7298755679519,False,white-cheese-9pct-250g,no_match,dairy,hard negative: fat_pct 5 vs 9
gold-00126,גבינה לבנה רכה 5% 250 גרם מחלבות גד,7298755679519,False,sour-cream-15pct-200g,no_match,dairy,hard negative: product type white_cheese vs sour_cream
gold-00127,גבינה לבנה 9% מחלבות גד 250 גרם,7290000000060,False,white-cheese-9pct-250g,exact,dairy,same barcode
gold-00127,גבינה לבנה 9% מחלבות גד 250 גרם,7290000000060,False,white-cheese-5pct-250g,no_match,dairy,hard negative: fat_pct 9 vs 5
gold-00127,גבינה לבנה 9% מחלבות גד 250 גרם,7290000000060,False,yellow-cheese-28pct-200g,no_match,dairy,hard negative: product type white_cheese vs yellow_cheese
gold-00128,גבינה לבנה 9% שומן 250 גרם מחלבות גד,7290000000060,False,white-cheese-9pct-250g,exact,dairy,same barcode
gold-00128,גבינה לבנה 9% שומן 250 גרם מחלבות גד,7290000000060,False,white-cheese-5pct-250g,no_match,dairy,hard negative: fat_pct 9 vs 5
gold-00128,גבינה לבנה 9% שומן 250 גרם מחלבות גד,7290000000060,False,eggs-l-12,no_match,dairy,hard negative: product type white_cheese vs eggs
gold-00129,גד גבינה לבנה 9% 250 גרם,7297630101526,False,white-cheese-9pct-250g,any_brand,dairy,critical attributes equal
gold-00129,גד גבינה לבנה 9% 250 גרם,7297630101526,False,white-cheese-5pct-250g,no_match,dairy,hard negative: fat_pct 9 vs 5
gold-00129,גד גבינה לבנה 9% 250 גרם,7297630101526,False,cottage-3pct-250g,no_match,dairy,hard negative: product type white_cheese vs cottage
gold-00130,גבינה לבנה 9% שומן 250 גרם רמי לוי,7296213290777,False,white-cheese-9pct-250g,any_brand,dairy,critical attributes equal
gold-00130,גבינה לבנה 9% שומן 250 גרם רמי לוי,7296213290777,False,white-cheese-5pct-250g,no_match,dairy,hard negative: fat_pct 9 vs 5
gold-00130,גבינה לבנה 9% שומן 250 גרם רמי לוי,7296213290777,False,almond-drink-1l,no_match,dairy,hard negative: product type white_cheese vs almond_drink
gold-00131,גבינה לבנה 9% שומן 250 גרם שטראוס,7291801159527,False,white-cheese-9pct-250g,any_brand,dairy,critical attributes equal
gold-00131,גבינה לבנה 9% שומן 250 גרם שטראוס,7291801159527,False,white-cheese-5pct-250g,no_match,dairy,hard negative: fat_pct 9 vs 5
gold-00131,גבינה לבנה 9% שומן 250 גרם שטראוס,7291801159527,False,cottage-5pct-500g,no_match,dairy,hard negative: product type white_cheese vs cottage
gold-00132,גבינה לבנה 9% השחר 250 גרם,7294691789293,False,white-cheese-9pct-250g,any_brand,dairy,critical attributes equal
gold-00132,גבינה לבנה 9% השחר 250 גרם,7294691789293,False,white-cheese-5pct-250g,no_match,dairy,hard negative: fat_pct 9 vs 5
gold-00132,גבינה לבנה 9% השחר 250 גרם,7294691789293,False,cottage-5pct-250g,no_match,dairy,hard negative: product type white_cheese vs cottage
gold-00133,גבינה לבנה 9% רמי לוי 250 גרם,7294354633078,False,white-cheese-9pct-250g,any_brand,dairy,critical attributes equal
gold-00133,גבינה לבנה 9% רמי לוי 250 גרם,7294354633078,False,white-cheese-5pct-250g,no_match,dairy,hard negative: fat_pct 9 vs 5
gold-00133,גבינה לבנה 9% רמי לוי 250 גרם,7294354633078,False,soy-drink-1l,no_match,dairy,hard negative: product type white_cheese vs soy_drink
gold-00134,גבינה לבנה 9% שומן 250 גרם שופרסל,7290406532264,False,white-cheese-9pct-250g,any_brand,dairy,critical attributes equal
gold-00134,גבינה לבנה 9% שומן 250 גרם שופרסל,7290406532264,False,white-cheese-5pct-250g,no_match,dairy,hard negative: fat_pct 9 vs 5
gold-00134,גבינה לבנה 9% שומן 250 גרם שופרסל,7290406532264,False,sweet-cream-38pct-250ml,no_match,dairy,hard negative: product type white_cheese vs sweet_cream
gold-00135,שטראוס גבינה לבנה 9% 250 גרם,7293244993840,False,white-cheese-9pct-250g,any_brand,dairy,critical attributes equal
gold-00135,שטראוס גבינה לבנה 9% 250 גרם,7293244993840,False,white-cheese-5pct-250g,no_match,dairy,hard negative: fat_pct 9 vs 5
gold-00135,שטראוס גבינה לבנה 9% 250 גרם,7293244993840,False,almond-drink-1l,no_match,dairy,hard negative: product type white_cheese vs almond_drink
gold-00136,שופרסל גבינה לבנה 9% 500 גרם,7292326207571,False,white-cheese-9pct-250g,close,dairy,soft differs: pack size 500 vs 250 g
gold-00136,שופרסל גבינה לבנה 9% 500 גרם,7292326207571,False,white-cheese-5pct-250g,no_match,dairy,hard negative: fat_pct 9 vs 5
gold-00136,שופרסל גבינה לבנה 9% 500 גרם,7292326207571,False,sour-cream-15pct-200g,no_match,dairy,hard negative: product type white_cheese vs sour_cream
gold-00137,גד גבינה לבנה 9% 500 גרם,7291988144586,False,white-cheese-9pct-250g,close,dairy,soft differs: pack size 500 vs 250 g
gold-00137,גד גבינה לבנה 9% 500 גרם,7291988144586,False,white-cheese-5pct-250g,no_match,dairy,hard negative: fat_pct 9 vs 5
gold-00137,גד גבינה לבנה 9% 500 גרם,7291988144586,False,oat-drink-1l,no_match,dairy,hard negative: product type white_cheese vs oat_drink
gold-00138,מחלבות גד גבינה לבנה 9% 250 גרם,7294284993104,False,white-cheese-9pct-250g,any_brand,dairy,critical attributes equal
gold-00138,מחלבות גד גבינה לבנה 9% 250 גרם,7294284993104,False,white-cheese-5pct-250g,no_match,dairy,hard negative: fat_pct 9 vs 5
gold-00138,מחלבות גד גבינה לבנה 9% 250 גרם,7294284993104,False,soy-drink-1l,no_match,dairy,hard negative: product type white_cheese vs soy_drink
gold-00139,גבינה לבנה 9% שומן 250 גרם השחר,7295791470749,False,white-cheese-9pct-250g,any_brand,dairy,critical attributes equal
gold-00139,גבינה לבנה 9% שומן 250 גרם השחר,7295791470749,False,white-cheese-5pct-250g,no_match,dairy,hard negative: fat_pct 9 vs 5
gold-00139,גבינה לבנה 9% שומן 250 גרם השחר,7295791470749,False,cottage-5pct-500g,no_match,dairy,hard negative: product type white_cheese vs cottage
gold-00140,גבינה לבנה 9% רמי לוי 500 גרם,7292772395900,False,white-cheese-9pct-250g,close,dairy,soft differs: pack size 500 vs 250 g
gold-00140,גבינה לבנה 9% רמי לוי 500 גרם,7292772395900,False,white-cheese-5pct-250g,no_match,dairy,hard negative: fat_pct 9 vs 5
gold-00140,גבינה לבנה 9% רמי לוי 500 גרם,7292772395900,False,yellow-cheese-28pct-200g,no_match,dairy,hard negative: product type white_cheese vs yellow_cheese
gold-00141,גבינה לבנה 9% שטראוס 250 גרם,7299087059849,False,white-cheese-9pct-250g,any_brand,dairy,critical attributes equal
gold-00141,גבינה לבנה 9% שטראוס 250 גרם,7299087059849,False,white-cheese-5pct-250g,no_match,dairy,hard negative: fat_pct 9 vs 5
gold-00141,גבינה לבנה 9% שטראוס 250 גרם,7299087059849,False,yogurt-3pct-200g,no_match,dairy,hard negative: product type white_cheese vs yogurt
gold-00142,שטראוס גבינה לבנה 9% 500 גרם,7290468913719,False,white-cheese-9pct-250g,close,dairy,soft differs: pack size 500 vs 250 g
gold-00142,שטראוס גבינה לבנה 9% 500 גרם,7290468913719,False,white-cheese-5pct-250g,no_match,dairy,hard negative: fat_pct 9 vs 5
gold-00142,שטראוס גבינה לבנה 9% 500 גרם,7290468913719,False,milk-1pct-1l,no_match,dairy,hard negative: product type white_cheese vs milk
gold-00143,גבינה צהובה פרוסה 28% שופרסל 200 גרם,7290000000070,False,yellow-cheese-28pct-200g,exact,dairy,same barcode
gold-00143,גבינה צהובה פרוסה 28% שופרסל 200 גרם,7290000000070,False,yellow-cheese-9pct-200g,no_match,dairy,hard negative: fat_pct 28 vs 9
gold-00143,גבינה צהובה פרוסה 28% שופרסל 200 גרם,7290000000070,False,yogurt-1.5pct-200g,no_match,dairy,hard negative: product type yellow_cheese vs yogurt
gold-00144,גבינה צהובה 28% 200 גרם השחר,7290000000070,False,yellow-cheese-28pct-200g,exact,dairy,same barcode
gold-00144,גבינה צהובה 28% 200 גרם השחר,7290000000070,False,yellow-cheese-9pct-200g,no_match,dairy,hard negative: fat_pct 28 vs 9
gold-00144,גבינה צהובה 28% 200 גרם השחר,7290000000070,False,oat-drink-1l,no_match,dairy,hard negative: product type yellow_cheese vs oat_drink
gold-00145,רמי לוי גבינה צהובה 28% 200 גרם,7297856436906,False,yellow-cheese-28pct-200g,any_brand,dairy,critical attributes equal
gold-00145,רמי לוי גבינה צהובה 28% 200 גרם,7297856436906,False,yellow-cheese-9pct-200g,no_match,dairy,hard negative: fat_pct 28 vs 9
gold-00145,רמי לוי גבינה צהובה 28% 200 גרם,7297856436906,False,yogurt-1.5pct-200g,no_match,dairy,hard negative: product type yellow_cheese vs yogurt
gold-00146,גבינה צהובה 28% 200 גרם גד,7291060131537,False,yellow-cheese-28pct-200g,any_brand,dairy,critical attributes equal
gold-00146,גבינה צהובה 28% 200 גרם גד,7291060131537,False,yellow-cheese-9pct-200g,no_match,dairy,hard negative: fat_pct 28 vs 9
gold-00146,גבינה צהובה 28% 200 גרם גד,7291060131537,False,cottage-5pct-500g,no_match,dairy,hard negative: product type yellow_cheese vs cottage
gold-00147,גבינה צהובה פרוסה 28% רמי לוי 200 גרם,7298197098671,False,yellow-cheese-28pct-200g,any_brand,dairy,critical attributes equal
gold-00147,גבינה צהובה פרוסה 28% רמי לוי 200 גרם,7298197098671,False,yellow-cheese-9pct-200g,no_match,dairy,hard negative: fat_pct 28 vs 9
gold-00147,גבינה צהובה פרוסה 28% רמי לוי 200 גרם,7298197098671,False,milk-3pct-1l,no_match,dairy,hard negative: product type yellow_cheese vs milk
gold-00148,שטראוס גבינה צהובה 28% 200 גרם,7297179192966,False,yellow-cheese-28pct-200g,any_brand,dairy,critical attributes equal
gold-00148,שטראוס גבינה צהובה 28% 200 גרם,7297179192966,False,yellow-cheese-9pct-200g,no_match,dairy,hard negative: fat_pct 28 vs 9
gold-00148,שטראוס גבינה צהובה 28% 200 גרם,7297179192966,False,white-cheese-9pct-250g,no_match,dairy,hard negative: product type yellow_cheese vs white_cheese
gold-00149,גבינה צהובה פרוסה 28% מחלבות גד 200 גרם,7290971164816,False,yellow-cheese-28pct-200g,any_brand,dairy,critical attributes equal
gold-00149,גבינה צהובה פרוסה 28% מחלבות גד 200 גרם,7290971164816,False,yellow-cheese-9pct-200g,no_match,dairy,hard negative: fat_pct 28 vs 9
gold-00149,גבינה צהובה פרוסה 28% מחלבות גד 200 גרם,7290971164816,False,almond-drink-1l,no_match,dairy,hard negative: product type yellow_cheese vs almond_drink
gold-00150,גבינה צהובה 28% 200 גרם רמי לוי,7293801306212,False,yellow-cheese-28pct-200g,any_brand,dairy,critical attributes equal
gold-00150,גבינה צהובה 28% 200 גרם רמי לוי,7293801306212,False,yellow-cheese-9pct-200g,no_match,dairy,hard negative: fat_pct 28 vs 9
gold-00150,גבינה צהובה 28% 200 גרם רמי לוי,7293801306212,False,cottage-5pct-500g,no_match,dairy,hard negative: product type yellow_cheese vs cottage
gold-00151,גבינה צהובה פרוסה 28% שטראוס 200 גרם,7293362387064,False,yellow-cheese-28pct-200g,any_brand,dairy,critical attributes equal
gold-00151,גבינה צהובה פרוסה 28% שטראוס 200 גרם,7293362387064,False,yellow-cheese-9pct-200g,no_match,dairy,hard negative: fat_pct 28 vs 9
gold-00151,גבינה צהובה פרוסה 28% שטראוס 200 גרם,7293362387064,False,milk-3pct-1l,no_match,dairy,hard negative: product type yellow_cheese vs milk
gold-00152,עמק פרוסות 28% 200 גרם,7299612977076,False,yellow-cheese-28pct-200g,any_brand,dairy,critical attributes equal
gold-00152,עמק פרוסות 28% 200 גרם,7299612977076,False,yellow-cheese-9pct-200g,no_match,dairy,hard negative: fat_pct 28 vs 9
gold-00152,עמק פרוסות 28% 200 גרם,7299612977076,False,eggs-l-12,no_match,dairy,hard negative: product type yellow_cheese vs eggs
gold-00153,השחר גבינה צהובה 28% 200 גרם,7297245170526,False,yellow-cheese-28pct-200g,any_brand,dairy,critical attributes equal
gold-00153,השחר גבינה צהובה 28% 200 גרם,7297245170526,False,yellow-cheese-9pct-200g,no_match,dairy,hard negative: fat_pct 28 vs 9
gold-00153,השחר גבינה צהובה 28% 200 גרם,7297245170526,False,cottage-3pct-250g,no_match,dairy,hard negative: product type yellow_cheese vs cottage
gold-00154,גד גבינה צהובה 28% 200 גרם,7295542616106,False,yellow-cheese-28pct-200g,any_brand,dairy,critical attributes equal
gold-00154,גד גבינה צהובה 28% 200 גרם,7295542616106,False,yellow-cheese-9pct-200g,no_match,dairy,hard negative: fat_pct 28 vs 9
gold-00154,גד גבינה צהובה 28% 200 גרם,7295542616106,False,sour-cream-15pct-200g,no_match,dairy,hard negative: product type yellow_cheese vs sour_cream
gold-00155,גבינה צהובה פרוסה 28% השחר 200 גרם,7298184225574,False,yellow-cheese-28pct-200g,any_brand,dairy,critical attributes equal
gold-00155,גבינה צהובה פרוסה 28% השחר 200 גרם,7298184225574,False,yellow-cheese-9pct-200g,no_match,dairy,hard negative: fat_pct 28 vs 9
gold-00155,גבינה צהובה פרוסה 28% השחר 200 גרם,7298184225574,False,yogurt-1.5pct-200g,no_match,dairy,hard negative: product type yellow_cheese vs yogurt
gold-00156,גבינה צהובה 28% 200 גרם שטראוס,7299607925199,False,yellow-cheese-28pct-200g,any_brand,dairy,critical attributes equal
gold-00156,גבינה צהובה 28% 200 גרם שטראוס,7299607925199,False,yellow-cheese-9pct-200g,no_match,dairy,hard negative: fat_pct 28 vs 9
gold-00156,גבינה צהובה 28% 200 גרם שטראוס,7299607925199,False,white-cheese-5pct-250g,no_match,dairy,hard negative: product type yellow_cheese vs white_cheese
gold-00157,גבינה צהובה פרוסה 28% השחר 400 גרם,7293878111444,False,yellow-cheese-28pct-200g,close,dairy,soft differs: pack size 400 vs 200 g
gold-00157,גבינה צהובה פרוסה 28% השחר 400 גרם,7293878111444,False,yellow-cheese-9pct-200g,no_match,dairy,hard negative: fat_pct 28 vs 9
gold-00157,גבינה צהובה פרוסה 28% השחר 400 גרם,7293878111444,False,almond-drink-1l,no_match,dairy,hard negative: product type yellow_cheese vs almond_drink
gold-00158,גבינה צהובה פרוסה 28% תנובה 200 גרם,7294685760260,False,yellow-cheese-28pct-200g,any_brand,dairy,critical attributes equal
gold-00158,גבינה צהובה פרוסה 28% תנובה 200 גרם,7294685760260,False,yellow-cheese-9pct-200g,no_match,dairy,hard negative: fat_pct 28 vs 9
gold-00158,גבינה צהובה פרוסה 28% תנובה 200 גרם,7294685760260,False,cottage-5pct-500g,no_match,dairy,hard negative: product type yellow_cheese vs cottage
gold-00159,גבינה צהובה 28% 400 גרם שופרסל,7299651994800,False,yellow-cheese-28pct-200g,close,dairy,soft differs: pack size 400 vs 200 g
gold-00159,גבינה צהובה 28% 400 גרם שופרסל,7299651994800,False,yellow-cheese-9pct-200g,no_match,dairy,hard negative: fat_pct 28 vs 9
gold-00159,גבינה צהובה 28% 400 גרם שופרסל,7299651994800,False,yogurt-3pct-200g,no_match,dairy,hard negative: product type yellow_cheese vs yogurt
gold-00160,גבינה צהובה פרוסה 28% רמי לוי 400 גרם,7292091025840,False,yellow-cheese-28pct-200g,close,dairy,soft differs: pack size 400 vs 200 g
gold-00160,גבינה צהובה פרוסה 28% רמי לוי 400 גרם,7292091025840,False,yellow-cheese-9pct-200g,no_match,dairy,hard negative: fat_pct 28 vs 9
gold-00160,גבינה צהובה פרוסה 28% רמי לוי 400 גרם,7292091025840,False,yogurt-1.5pct-200g,no_match,dairy,hard negative: product type yellow_cheese vs yogurt
gold-00161,תנובה גבינה צהובה 9% 200 גרם,7290000000080,False,yellow-cheese-9pct-200g,exact,dairy,same barcode
gold-00161,תנובה גבינה צהובה 9% 200 גרם,7290000000080,False,yellow-cheese-28pct-200g,no_match,dairy,hard negative: fat_pct 9 vs 28
gold-00161,תנובה גבינה צהובה 9% 200 גרם,7290000000080,False,butter-200g,no_match,dairy,hard negative: product type yellow_cheese vs butter
gold-00162,גבינה צהובה פרוסה 9% גד 200 גרם,7290000000080,False,yellow-cheese-9pct-200g,exact,dairy,same barcode
gold-00162,גבינה צהובה פרוסה 9% גד 200 גרם,7290000000080,False,yellow-cheese-28pct-200g,no_match,dairy,hard negative: fat_pct 9 vs 28
gold-00162,גבינה צהובה פרוסה 9% גד 200 גרם,7290000000080,False,soy-drink-1l,no_match,dairy,hard negative: product type yellow_cheese vs soy_drink
gold-00163,גבינה צהובה לייט 9% 400 גרם השחר,7296370148610,False,yellow-cheese-9pct-200g,close,dairy,soft differs: pack size 400 vs 200 g
gold-00163,גבינה צהובה לייט 9% 400 גרם השחר,7296370148610,False,yellow-cheese-28pct-200g,no_match,dairy,hard negative: fat_pct 9 vs 28
gold-00163,גבינה צהובה לייט 9% 400 גרם השחר,7296370148610,False,sour-cream-15pct-200g,no_match,dairy,hard negative: product type yellow_cheese vs sour_cream
gold-00164,גבינה צהובה פרוסה 9% רמי לוי 200 גרם,7295145292099,False,yellow-cheese-9pct-200g,any_brand,dairy,critical attributes equal
gold-00164,גבינה צהובה פרוסה 9% רמי לוי 200 גרם,7295145292099,False,yellow-cheese-28pct-200g,no_match,dairy,hard negative: fat_pct 9 vs 28
gold-00164,גבינה צהובה פרוסה 9% רמי לוי 200 גרם,7295145292099,False,butter-200g,no_match,dairy,hard negative: product type yellow_cheese vs butter
gold-00165,גבינה צהובה פרוסה 9% תנובה 200 גרם,7292943691002,False,yellow-cheese-9pct-200g,any_brand,dairy,critical attributes equal
gold-00165,גבינה צהובה פרוסה 9% תנובה 200 גרם,7292943691002,False,yellow-cheese-28pct-200g,no_match,dairy,hard negative: fat_pct 9 vs 28
gold-00165,גבינה צהובה פרוסה 9% תנובה 200 גרם,7292943691002,False,sour-cream-15pct-200g,no_match,dairy,hard negative: product type yellow_cheese vs sour_cream
gold-00166,גבינה צהובה פרוסה 9% מחלבות גד 200 גרם,7299202909218,False,yellow-cheese-9pct-200g,any_brand,dairy,critical attributes equal
gold-00166,גבינה צהובה פרוסה 9% מחלבות גד 200 גרם,7299202909218,False,yellow-cheese-28pct-200g,no_match,dairy,hard negative: fat_pct 9 vs 28
gold-00166,גבינה צהובה פרוסה 9% מחלבות גד 200 גרם,7299202909218,False,yogurt-1.5pct-200g,no_match,dairy,hard negative: product type yellow_cheese vs yogurt
gold-00167,גבינה צהובה לייט 9% 200 גרם גד,7294799543905,False,yellow-cheese-9pct-200g,any_brand,dairy,critical attributes equal
gold-00167,גבינה צהובה לייט 9% 200 גרם גד,7294799543905,False,yellow-cheese-28pct-200g,no_match,dairy,hard negative: fat_pct 9 vs 28
gold-00167,גבינה צהובה לייט 9% 200 גרם גד,7294799543905,False,white-cheese-9pct-250g,no_match,dairy,hard negative: product type yellow_cheese vs white_cheese
gold-00168,גבינה צהובה לייט 9% 400 גרם תנובה,7290709410624,False,yellow-cheese-9pct-200g,close,dairy,soft differs: pack size 400 vs 200 g
gold-00168,גבינה צהובה לייט 9% 400 גרם תנובה,7290709410624,False,yellow-cheese-28pct-200g,no_match,dairy,hard negative: fat_pct 9 vs 28
gold-00168,גבינה צהובה לייט 9% 400 גרם תנובה,7290709410624,False,sweet-cream-38pct-250ml,no_match,dairy,hard negative: product type yellow_cheese vs sweet_cream
gold-00169,מחלבות גד גבינה צהובה 9% 200 גרם,7297044164347,False,yellow-cheese-9pct-200g,any_brand,dairy,critical attributes equal
gold-00169,מחלבות גד גבינה צהובה 9% 200 גרם,7297044164347,False,yellow-cheese-28pct-200g,no_match,dairy,hard negative: fat_pct 9 vs 28
gold-00169,מחלבות גד גבינה צהובה 9% 200 גרם,7297044164347,False,sweet-cream-38pct-250ml,no_match,dairy,hard negative: product type yellow_cheese vs sweet_cream
gold-00170,גבינה צהובה פרוסה 9% שופרסל 400 גרם,7295159371220,False,yellow-cheese-9pct-200g,close,dairy,soft differs: pack size 400 vs 200 g
gold-00170,גבינה צהובה פרוסה 9% שופרסל 400 גרם,7295159371220,False,yellow-cheese-28pct-200g,no_match,dairy,hard negative: fat_pct 9 vs 28
gold-00170,גבינה צהובה פרוסה 9% שופרסל 400 גרם,7295159371220,False,sweet-cream-38pct-250ml,no_match,dairy,hard negative: product type yellow_cheese vs sweet_cream
gold-00171,גבינה צהובה לייט 9% 200 גרם רמי לוי,7299656194025,False,yellow-cheese-9pct-200g,any_brand,dairy,critical attributes equal
gold-00171,גבינה צהובה לייט 9% 200 גרם רמי לוי,7299656194025,False,yellow-cheese-28pct-200g,no_match,dairy,hard negative: fat_pct 9 vs 28
gold-00171,גבינה צהובה לייט 9% 200 גרם רמי לוי,7299656194025,False,white-cheese-5pct-250g,no_match,dairy,hard negative: product type yellow_cheese vs white_cheese
gold-00172,גבינה צהובה לייט 9% 200 גרם מחלבות גד,7296105379185,False,yellow-cheese-9pct-200g,any_brand,dairy,critical attributes equal
gold-00172,גבינה צהובה לייט 9% 200 גרם מחלבות גד,7296105379185,False,yellow-cheese-28pct-200g,no_match,dairy,hard negative: fat_pct 9 vs 28
gold-00172,גבינה צהובה לייט 9% 200 גרם מחלבות גד,7296105379185,False,sweet-cream-38pct-250ml,no_match,dairy,hard negative: product type yellow_cheese vs sweet_cream
gold-00173,רמי לוי גבינה צהובה 9% 200 גרם,7297559138979,False,yellow-cheese-9pct-200g,any_brand,dairy,critical attributes equal
gold-00173,רמי לוי גבינה צהובה 9% 200 גרם,7297559138979,False,yellow-cheese-28pct-200g,no_match,dairy,hard negative: fat_pct 9 vs 28
gold-00173,רמי לוי גבינה צהובה 9% 200 גרם,7297559138979,False,sweet-cream-38pct-250ml,no_match,dairy,hard negative: product type yellow_cheese vs sweet_cream
gold-00174,גבינה צהובה פרוסה 9% שופרסל 200 גרם,7295727262841,False,yellow-cheese-9pct-200g,any_brand,dairy,critical attributes equal
gold-00174,גבינה צהובה פרוסה 9% שופרסל 200 גרם,7295727262841,False,yellow-cheese-28pct-200g,no_match,dairy,hard negative: fat_pct 9 vs 28
gold-00174,גבינה צהובה פרוסה 9% שופרסל 200 גרם,7295727262841,False,white-cheese-9pct-250g,no_match,dairy,hard negative: product type yellow_cheese vs white_cheese
gold-00175,יוגורט 3% טבעי 200 גרם ויקטורי,7290000000090,False,yogurt-3pct-200g,exact,dairy,same barcode
gold-00175,יוגורט 3% טבעי 200 גרם ויקטורי,7290000000090,False,yogurt-1.5pct-200g,no_match,dairy,hard negative: fat_pct 3 vs 1.5
gold-00175,יוגורט 3% טבעי 200 גרם ויקטורי,7290000000090,False,cottage-5pct-500g,no_match,dairy,hard negative: product type yogurt vs cottage
gold-00176,יוגורט טבעי 3% ויקטורי 200 גרם,7290000000090,False,yogurt-3pct-200g,exact,dairy,same barcode
gold-00176,יוגורט טבעי 3% ויקטורי 200 גרם,7290000000090,False,yogurt-1.5pct-200g,no_match,dairy,hard negative: fat_pct 3 vs 1.5
gold-00176,יוגורט טבעי 3% ויקטורי 200 גרם,7290000000090,False,yellow-cheese-28pct-200g,no_match,dairy,hard negative: product type yogurt vs yellow_cheese
gold-00177,ויקטורי יוגורט טבעי 3% 200 גרם,7295479854655,False,yogurt-3pct-200g,any_brand,dairy,critical attributes equal
gold-00177,ויקטורי יוגורט טבעי 3% 200 גרם,7295479854655,False,yogurt-1.5pct-200g,no_match,dairy,hard negative: fat_pct 3 vs 1.5
gold-00177,ויקטורי יוגורט טבעי 3% 200 גרם,7295479854655,False,white-cheese-9pct-250g,no_match,dairy,hard negative: product type yogurt vs white_cheese
gold-00178,יוגורט 3% וניל 200 גרם ויקטורי,7298191841447,False,yogurt-3pct-200g,close,dairy,soft differs: flavor vanilla vs natural
gold-00178,יוגורט 3% וניל 200 גרם ויקטורי,7298191841447,False,yogurt-1.5pct-200g,no_match,dairy,hard negative: fat_pct 3 vs 1.5
gold-00178,יוגורט 3% וניל 200 גרם ויקטורי,7298191841447,False,yellow-cheese-9pct-200g,no_match,dairy,hard negative: product type yogurt vs yellow_cheese
gold-00179,יטבתה יוגורט טבעי 3% 500 גרם,7291221088824,False,yogurt-3pct-200g,close,dairy,soft differs: pack size 500 vs 200 g
gold-00179,יטבתה יוגורט טבעי 3% 500 גרם,7291221088824,False,yogurt-1.5pct-200g,no_match,dairy,hard negative: fat_pct 3 vs 1.5
gold-00179,יטבתה יוגורט טבעי 3% 500 גרם,7291221088824,False,milk-3pct-1l,no_match,dairy,hard negative: product type yogurt vs milk
gold-00180,יוגורט 3% טבעי 200 גרם טרה,7295291299273,False,yogurt-3pct-200g,any_brand,dairy,critical attributes equal
gold-00180,יוגורט 3% טבעי 200 גרם טרה,7295291299273,False,yogurt-1.5pct-200g,no_match,dairy,hard negative: fat_pct 3 vs 1.5
gold-00180,יוגורט 3% טבעי 200 גרם טרה,7295291299273,False,sour-cream-15pct-200g,no_match,dairy,hard negative: product type yogurt vs sour_cream
gold-00181,שטראוס יוגורט טבעי 3% 200 גרם,7293806274004,False,yogurt-3pct-200g,any_brand,dairy,critical attributes equal
gold-00181,שטראוס יוגורט טבעי 3% 200 גרם,7293806274004,False,yogurt-1.5pct-200g,no_match,dairy,hard negative: fat_pct 3 vs 1.5
gold-00181,שטראוס יוגורט טבעי 3% 200 גרם,7293806274004,False,sweet-cream-38pct-250ml,no_match,dairy,hard negative: product type yogurt vs sweet_cream
gold-00182,יוגורט טבעי 3% תנובה 200 גרם,7295081788147,False,yogurt-3pct-200g,any_brand,dairy,critical attributes equal
gold-00182,יוגורט טבעי 3% תנובה 200 גרם,7295081788147,False,yogurt-1.5pct-200g,no_match,dairy,hard negative: fat_pct 3 vs 1.5
gold-00182,יוגורט טבעי 3% תנובה 200 גרם,7295081788147,False,sweet-cream-38pct-250ml,no_match,dairy,hard negative: product type yogurt vs sweet_cream
gold-00183,יוגורט טבעי 3% רמי לוי 200 גרם,7290704749103,False,yogurt-3pct-200g,any_brand,dairy,critical attributes equal
gold-00183,יוגורט טבעי 3% רמי לוי 200 גרם,7290704749103,False,yogurt-1.5pct-200g,no_match,dairy,hard negative: fat_pct 3 vs 1.5
gold-00183,יוגורט טבעי 3% רמי לוי 200 גרם,7290704749103,False,cottage-3pct-250g,no_match,dairy,hard negative: product type yogurt vs cottage
gold-00184,יוגורט 3% טבעי 200 גרם יטבתה,7291607914483,False,yogurt-3pct-200g,any_brand,dairy,critical attributes equal
gold-00184,יוגורט 3% טבעי 200 גרם יטבתה,7291607914483,False,yogurt-1.5pct-200g,no_match,dairy,hard negative: fat_pct 3 vs 1.5
gold-00184,יוגורט 3% טבעי 200 גרם יטבתה,7291607914483,False,almond-drink-1l,no_match,dairy,hard negative: product type yogurt vs almond_drink
gold-00185,יוגורט טבעי 3% ויקטורי 500 גרם,7292778591044,False,yogurt-3pct-200g,close,dairy,soft differs: pack size 500 vs 200 g
gold-00185,יוגורט טבעי 3% ויקטורי 500 גרם,7292778591044,False,yogurt-1.5pct-200g,no_match,dairy,hard negative: fat_pct 3 vs 1.5
gold-00185,יוגורט טבעי 3% ויקטורי 500 גרם,7292778591044,False,butter-200g,no_match,dairy,hard negative: product type yogurt vs butter
gold-00186,תנובה יוגורט טבעי 3% 200 גרם,7292742422107,False,yogurt-3pct-200g,any_brand,dairy,critical attributes equal
gold-00186,תנובה יוגורט טבעי 3% 200 גרם,7292742422107,False,yogurt-1.5pct-200g,no_match,dairy,hard negative: fat_pct 3 vs 1.5
gold-00186,תנובה יוגורט טבעי 3% 200 גרם,7292742422107,False,cottage-3pct-250g,no_match,dairy,hard negative: product type yogurt vs cottage
gold-00187,יוגורט טבעי 3% יוחננוף 200 גרם,7296919291884,False,yogurt-3pct-200g,any_brand,dairy,critical attributes equal
gold-00187,יוגורט טבעי 3% יוחננוף 200 גרם,7296919291884,False,yogurt-1.5pct-200g,no_match,dairy,hard negative: fat_pct 3 vs 1.5
gold-00187,יוגורט טבעי 3% יוחננוף 200 גרם,7296919291884,False,soy-drink-1l,no_match,dairy,hard negative: product type yogurt vs soy_drink
gold-00188,יוגורט טבעי 3% יטבתה 500 גרם,7297523965430,False,yogurt-3pct-200g,close,dairy,soft differs: pack size 500 vs 200 g
gold-00188,יוגורט טבעי 3% יטבתה 500 גרם,7297523965430,False,yogurt-1.5pct-200g,no_match,dairy,hard negative: fat_pct 3 vs 1.5
gold-00188,יוגורט טבעי 3% יטבתה 500 גרם,7297523965430,False,eggs-l-12,no_match,dairy,hard negative: product type yogurt vs eggs
gold-00189,יטבתה יוגורט טבעי 3% 200 גרם,7297698014028,False,yogurt-3pct-200g,any_brand,dairy,critical attributes equal
gold-00189,יטבתה יוגורט טבעי 3% 200 גרם,7297698014028,False,yogurt-1.5pct-200g,no_match,dairy,hard negative: fat_pct 3 vs 1.5
gold-00189,יטבתה יוגורט טבעי 3% 200 גרם,7297698014028,False,milk-1pct-1l,no_match,dairy,hard negative: product type yogurt vs milk
gold-00190,יוגורט 3% טבעי 200 גרם שופרסל,7298685531568,False,yogurt-3pct-200g,any_brand,dairy,critical attributes equal
gold-00190,יוגורט 3% טבעי 200 גרם שופרסל,7298685531568,False,yogurt-1.5pct-200g,no_match,dairy,hard negative: fat_pct 3 vs 1.5
gold-00190,יוגורט 3% טבעי 200 גרם שופרסל,7298685531568,False,cottage-5pct-250g,no_match,dairy,hard negative: product type yogurt vs cottage
gold-00191,יוגורט 3% טבעי 500 גרם יטבתה,7294161753590,False,yogurt-3pct-200g,close,dairy,soft differs: pack size 500 vs 200 g
gold-00191,יוגורט 3% טבעי 500 גרם יטבתה,7294161753590,False,yogurt-1.5pct-200g,no_match,dairy,hard negative: fat_pct 3 vs 1.5
gold-00191,יוגורט 3% טבעי 500 גרם יטבתה,7294161753590,False,cottage-5pct-500g,no_match,dairy,hard negative: product type yogurt vs cottage
gold-00192,טרה יוגורט טבעי 3% 200 גרם,7296446551849,False,yogurt-3pct-200g,any_brand,dairy,critical attributes equal
gold-00192,טרה יוגורט טבעי 3% 200 גרם,7296446551849,False,yogurt-1.5pct-200g,no_match,dairy,hard negative: fat_pct 3 vs 1.5
gold-00192,טרה יוגורט טבעי 3% 200 גרם,7296446551849,False,yellow-cheese-28pct-200g,no_match,dairy,hard negative: product type yogurt vs yellow_cheese
gold-00193,טרה יוגורט תות 3% 200 גרם,7290748524336,False,yogurt-3pct-200g,close,dairy,soft differs: flavor strawberry vs natural
gold-00193,טרה יוגורט תות 3% 200 גרם,7290748524336,False,yogurt-1.5pct-200g,no_match,dairy,hard negative: fat_pct 3 vs 1.5
gold-00193,טרה יוגורט תות 3% 200 גרם,7290748524336,False,white-cheese-9pct-250g,no_match,dairy,hard negative: product type yogurt vs white_cheese
gold-00194,טרה יוגורט טבעי 3% 500 גרם,7295919064398,False,yogurt-3pct-200g,close,dairy,soft differs: pack size 500 vs 200 g
gold-00194,טרה יוגורט טבעי 3% 500 גרם,7295919064398,False,yogurt-1.5pct-200g,no_match,dairy,hard negative: fat_pct 3 vs 1.5
gold-00194,טרה יוגורט טבעי 3% 500 גרם,7295919064398,False,eggs-l-12,no_match,dairy,hard negative: product type yogurt vs eggs
gold-00195,תנובה יוגורט תות 3% 200 גרם,7299711929875,False,yogurt-3pct-200g,close,dairy,soft differs: flavor strawberry vs natural
gold-00195,תנובה יוגורט תות 3% 200 גרם,7299711929875,False,yogurt-1.5pct-200g,no_match,dairy,hard negative: fat_pct 3 vs 1.5
gold-00195,תנובה יוגורט תות 3% 200 גרם,7299711929875,False,milk-3pct-1l,no_match,dairy,hard negative: product type yogurt vs milk
gold-00196,יוגורט טבעי 3% טרה 500 גרם,7291953041279,False,yogurt-3pct-200g,close,dairy,soft differs: pack size 500 vs 200 g
gold-00196,יוגורט טבעי 3% טרה 500 גרם,7291953041279,False,yogurt-1.5pct-200g,no_match,dairy,hard negative: fat_pct 3 vs 1.5
gold-00196,יוגורט טבעי 3% טרה 500 גרם,7291953041279,False,cottage-5pct-500g,no_match,dairy,hard negative: product type yogurt vs cottage
gold-00197,שטראוס יוגורט טבעי 1.5% 200 גרם,7290000000100,False,yogurt-1.5pct-200g,exact,dairy,same barcode
gold-00197,שטראוס יוגורט טבעי 1.5% 200 גרם,7290000000100,False,yogurt-3pct-200g,no_match,dairy,hard negative: fat_pct 1.5 vs 3
gold-00197,שטראוס יוגורט טבעי 1.5% 200 גרם,7290000000100,False,soy-drink-1l,no_match,dairy,hard negative: product type yogurt vs soy_drink
gold-00198,יוגורט טבעי 1.5% רמי לוי 500 גרם,7291313720889,False,yogurt-1.5pct-200g,close,dairy,soft differs: pack size 500 vs 200 g
gold-00198,יוגורט טבעי 1.5% רמי לוי 500 גרם,7291313720889,False,yogurt-3pct-200g,no_match,dairy,hard negative: fat_pct 1.5 vs 3
gold-00198,יוגורט טבעי 1.5% רמי לוי 500 גרם,7291313720889,False,white-cheese-9pct-250g,no_match,dairy,hard negative: product type yogurt vs white_cheese
gold-00199,יוגורט טבעי 1.5% ויקטורי 500 גרם,7295040863471,False,yogurt-1.5pct-200g,close,dairy,soft differs: pack size 500 vs 200 g
gold-00199,יוגורט טבעי 1.5% ויקטורי 500 גרם,7295040863471,False,yogurt-3pct-200g,no_match,dairy,hard negative: fat_pct 1.5 vs 3
gold-00199,יוגורט טבעי 1.5% ויקטורי 500 גרם,7295040863471,False,butter-200g,no_match,dairy,hard negative: product type yogurt vs butter
gold-00200,יוגורט תות 1.5% תנובה 200 גרם,7295201075490,False,yogurt-1.5pct-200g,close,dairy,soft differs: flavor strawberry vs natural
gold-00200,יוגורט תות 1.5% תנובה 200 גרם,7295201075490,False,yogurt-3pct-200g,no_match,dairy,hard negative: fat_pct 1.5 vs 3
gold-00200,יוגורט תות 1.5% תנובה 200 גרם,7295201075490,False,almond-drink-1l,no_match,dairy,hard negative: product type yogurt vs almond_drink
gold-00201,יוגורט טבעי 1.5% יוחננוף 200 גרם,7290000000100,False,yogurt-1.5pct-200g,exact,dairy,same barcode
gold-00201,יוגורט טבעי 1.5% יוחננוף 200 גרם,7290000000100,False,yogurt-3pct-200g,no_match,dairy,hard negative: fat_pct 1.5 vs 3
gold-00201,יוגורט טבעי 1.5% יוחננוף 200 גרם,7290000000100,False,white-cheese-9pct-250g,no_match,dairy,hard negative: product type yogurt vs white_cheese
gold-00202,יוגורט 1.5% טבעי 500 גרם יוחננוף,7290155648940,False,yogurt-1.5pct-200g,close,dairy,soft differs: pack size 500 vs 200 g
gold-00202,יוגורט 1.5% טבעי 500 גרם יוחננוף,7290155648940,False,yogurt-3pct-200g,no_match,dairy,hard negative: fat_pct 1.5 vs 3
gold-00202,יוגורט 1.5% טבעי 500 גרם יוחננוף,7290155648940,False,white-cheese-5pct-250g,no_match,dairy,hard negative: product type yogurt vs white_cheese
gold-00203,יוגורט 1.5% טבעי 200 גרם ויקטורי,7297308436997,False,yogurt-1.5pct-200g,any_brand,dairy,critical attributes equal
gold-00203,יוגורט 1.5% טבעי 200 גרם ויקטורי,7297308436997,False,yogurt-3pct-200g,no_match,dairy,hard negative: fat_pct 1.5 vs 3
gold-00203,יוגורט 1.5% טבעי 200 גרם ויקטורי,7297308436997,False,butter-200g,no_match,dairy,hard negative: product type yogurt vs butter
gold-00204,יוגורט 1.5% טבעי 500 גרם ויקטורי,7299127949412,False,yogurt-1.5pct-200g,close,dairy,soft differs: pack size 500 vs 200 g
gold-00204,יוגורט 1.5% טבעי 500 גרם ויקטורי,7299127949412,False,yogurt-3pct-200g,no_match,dairy,hard negative: fat_pct 1.5 vs 3
gold-00204,יוגורט 1.5% טבעי 500 גרם ויקטורי,7299127949412,False,sour-cream-15pct-200g,no_match,dairy,hard negative: product type yogurt vs sour_cream
gold-00205,ויקטורי יוגורט טבעי 1.5% 200 גרם,7294540482333,False,yogurt-1.5pct-200g,any_brand,dairy,critical attributes equal
gold-00205,ויקטורי יוגורט טבעי 1.5% 200 גרם,7294540482333,False,yogurt-3pct-200g,no_match,dairy,hard negative: fat_pct 1.5 vs 3
gold-00205,ויקטורי יוגורט טבעי 1.5% 200 גרם,7294540482333,False,oat-drink-1l,no_match,dairy,hard negative: product type yogurt vs oat_drink
gold-00206,יוגורט 1.5% טבעי 200 גרם רמי לוי,7296962062019,False,yogurt-1.5pct-200g,any_brand,dairy,critical attributes equal
gold-00206,יוגורט 1.5% טבעי 200 גרם רמי לוי,7296962062019,False,yogurt-3pct-200g,no_match,dairy,hard negative: fat_pct 1.5 vs 3
gold-00206,יוגורט 1.5% טבעי 200 גרם רמי לוי,7296962062019,False,white-cheese-5pct-250g,no_match,dairy,hard negative: product type yogurt vs white_cheese
gold-00207,תנובה יוגורט טבעי 1.5% 500 גרם,7297627493640,False,yogurt-1.5pct-200g,close,dairy,soft differs: pack size 500 vs 200 g
gold-00207,תנובה יוגורט טבעי 1.5% 500 גרם,7297627493640,False,yogurt-3pct-200g,no_match,dairy,hard negative: fat_pct 1.5 vs 3
gold-00207,תנובה יוגורט טבעי 1.5% 500 גרם,7297627493640,False,yellow-cheese-28pct-200g,no_match,dairy,hard negative: product type yogurt vs yellow_cheese
gold-00208,יוחננוף יוגורט טבעי 1.5% 200 גרם,7296602533279,False,yogurt-1.5pct-200g,any_brand,dairy,critical attributes equal
gold-00208,יוחננוף יוגורט טבעי 1.5% 200 גרם,7296602533279,False,yogurt-3pct-200g,no_match,dairy,hard negative: fat_pct 1.5 vs 3
gold-00208,יוחננוף יוגורט טבעי 1.5% 200 גרם,7296602533279,False,cottage-5pct-250g,no_match,dairy,hard negative: product type yogurt vs cottage
gold-00209,יוגורט טבעי 1.5% רמי לוי 200 גרם,7299293031648,False,yogurt-1.5pct-200g,any_brand,dairy,critical attributes equal
gold-00209,יוגורט טבעי 1.5% רמי לוי 200 גרם,7299293031648,False,yogurt-3pct-200g,no_match,dairy,hard negative: fat_pct 1.5 vs 3
gold-00209,יוגורט טבעי 1.5% רמי לוי 200 גרם,7299293031648,False,cottage-5pct-500g,no_match,dairy,hard negative: product type yogurt vs cottage
gold-00210,יוגורט 1.5% טבעי 500 גרם תנובה,7292136401826,False,yogurt-1.5pct-200g,close,dairy,soft differs: pack size 500 vs 200 g
gold-00210,יוגורט 1.5% טבעי 500 גרם תנובה,7292136401826,False,yogurt-3pct-200g,no_match,dairy,hard negative: fat_pct 1.5 vs 3
gold-00210,יוגורט 1.5% טבעי 500 גרם תנובה,7292136401826,False,butter-200g,no_match,dairy,hard negative: product type yogurt vs butter
gold-00211,יוגורט טבעי 1.5% טרה 200 גרם,7290241907775,False,yogurt-1.5pct-200g,any_brand,dairy,critical attributes equal
gold-00211,יוגורט טבעי 1.5% טרה 200 גרם,7290241907775,False,yogurt-3pct-200g,no_match,dairy,hard negative: fat_pct 1.5 vs 3
gold-00211,יוגורט טבעי 1.5% טרה 200 גרם,7290241907775,False,almond-drink-1l,no_match,dairy,hard negative: product type yogurt vs almond_drink
gold-00212,יטבתה יוגורט תות 1.5% 200 גרם,7299084880253,False,yogurt-1.5pct-200g,close,dairy,soft differs: flavor strawberry vs natural
gold-00212,יטבתה יוגורט תות 1.5% 200 גרם,7299084880253,False,yogurt-3pct-200g,no_match,dairy,hard negative: fat_pct 1.5 vs 3
gold-00212,יטבתה יוגורט תות 1.5% 200 גרם,7299084880253,False,yellow-cheese-28pct-200g,no_match,dairy,hard negative: product type yogurt vs yellow_cheese
gold-00213,חמאה טרה 200 גרם,7290000000110,False,butter-200g,exact,dairy,same barcode
gold-00213,חמאה טרה 200 גרם,7290000000110,False,sweet-cream-38pct-250ml,no_match,dairy,hard negative: product type butter vs sweet_cream
gold-00213,חמאה טרה 200 גרם,7290000000110,False,almond-drink-1l,no_match,dairy,hard negative: product type butter vs almond_drink
gold-00214,חמאה 82% שטראוס 100 גרם,7295789238706,False,butter-200g,close,dairy,soft differs: pack size 100 vs 200 g
gold-00214,חמאה 82% שטראוס 100 גרם,7295789238706,False,sweet-cream-38pct-250ml,no_match,dairy,hard negative: product type butter vs sweet_cream
gold-00214,חמאה 82% שטראוס 100 גרם,7295789238706,False,cottage-5pct-250g,no_match,dairy,hard negative: product type butter vs cottage
gold-00215,חמאה שטראוס 200 גרם,7290000000110,False,butter-200g,exact,dairy,same barcode
gold-00215,חמאה שטראוס 200 גרם,7290000000110,False,sweet-cream-38pct-250ml,no_match,dairy,hard negative: product type butter vs sweet_cream
gold-00215,חמאה שטראוס 200 גרם,7290000000110,False,cottage-3pct-250g,no_match,dairy,hard negative: product type butter vs cottage
gold-00216,טרה חמאה רכה 200 גרם,7297164939994,False,butter-200g,any_brand,dairy,critical attributes equal
gold-00216,טרה חמאה רכה 200 גרם,7297164939994,False,sweet-cream-38pct-250ml,no_match,dairy,hard negative: product type butter vs sweet_cream
gold-00216,טרה חמאה רכה 200 גרם,7297164939994,False,milk-3pct-1l,no_match,dairy,hard negative: product type butter vs milk
gold-00217,יוחננוף חמאה רכה 200 גרם,7297458227490,False,butter-200g,any_brand,dairy,critical attributes equal
gold-00217,יוחננוף חמאה רכה 200 גרם,7297458227490,False,sweet-cream-38pct-250ml,no_match,dairy,hard negative: product type butter vs sweet_cream
gold-00217,יוחננוף חמאה רכה 200 גרם,7297458227490,False,almond-drink-1l,no_match,dairy,hard negative: product type butter vs almond_drink
gold-00218,חמאה יטבתה 200 גרם,7298937014637,False,butter-200g,any_brand,dairy,critical attributes equal
gold-00218,חמאה יטבתה 200 גרם,7298937014637,False,sweet-cream-38pct-250ml,no_match,dairy,hard negative: product type butter vs sweet_cream
gold-00218,חמאה יטבתה 200 גרם,7298937014637,False,almond-drink-1l,no_match,dairy,hard negative: product type butter vs almond_drink
gold-00219,חמאה 82% יוחננוף 200 גרם,7291044633218,False,butter-200g,any_brand,dairy,critical attributes equal
gold-00219,חמאה 82% יוחננוף 200 גרם,7291044633218,False,sweet-cream-38pct-250ml,no_match,dairy,hard negative: product type butter vs sweet_cream
gold-00219,חמאה 82% יוחננוף 200 גרם,7291044633218,False,cottage-5pct-500g,no_match,dairy,hard negative: product type butter vs cottage
gold-00220,חמאה שופרסל 200 גרם,7298342339946,False,butter-200g,any_brand,dairy,critical attributes equal
gold-00220,חמאה שופרסל 200 גרם,7298342339946,False,sweet-cream-38pct-250ml,no_match,dairy,hard negative: product type butter vs sweet_cream
gold-00220,חמאה שופרסל 200 גרם,7298342339946,False,cottage-5pct-500g,no_match,dairy,hard negative: product type butter vs cottage
gold-00221,תנובה חמאה רכה 200 גרם,7290466237525,False,butter-200g,any_brand,dairy,critical attributes equal
gold-00221,תנובה חמאה רכה 200 גרם,7290466237525,False,sweet-cream-38pct-250ml,no_match,dairy,hard negative: product type butter vs sweet_cream
gold-00221,תנובה חמאה רכה 200 גרם,7290466237525,False,cottage-5pct-250g,no_match,dairy,hard negative: product type butter vs cottage
gold-00222,חמאה 82% תנובה 200 גרם,7297858774311,False,butter-200g,any_brand,dairy,critical attributes equal
gold-00222,חמאה 82% תנובה 200 גרם,7297858774311,False,sweet-cream-38pct-250ml,no_match,dairy,hard negative: product type butter vs sweet_cream
gold-00222,חמאה 82% תנובה 200 גרם,7297858774311,False,soy-drink-1l,no_match,dairy,hard negative: product type butter vs soy_drink
gold-00223,יטבתה חמאה רכה 200 גרם,7292517722673,False,butter-200g,any_brand,dairy,critical attributes equal
gold-00223,יטבתה חמאה רכה 200 גרם,7292517722673,False,sweet-cream-38pct-250ml,no_match,dairy,hard negative: product type butter vs sweet_cream
gold-00223,יטבתה חמאה רכה 200 גרם,7292517722673,False,almond-drink-1l,no_match,dairy,hard negative: product type butter vs almond_drink
gold-00224,שטראוס חמאה רכה 100 גרם,7296706312369,False,butter-200g,close,dairy,soft differs: pack size 100 vs 200 g
gold-00224,שטראוס חמאה רכה 100 גרם,7296706312369,False,sweet-cream-38pct-250ml,no_match,dairy,hard negative: product type butter vs sweet_cream
gold-00224,שטראוס חמאה רכה 100 גרם,7296706312369,False,yellow-cheese-9pct-200g,no_match,dairy,hard negative: product type butter vs yellow_cheese
gold-00225,חמאה 82% יטבתה 200 גרם,7294837482640,False,butter-200g,any_brand,dairy,critical attributes equal
gold-00225,חמאה 82% יטבתה 200 גרם,7294837482640,False,sweet-cream-38pct-250ml,no_match,dairy,hard negative: product type butter vs sweet_cream
gold-00225,חמאה 82% יטבתה 200 גרם,7294837482640,False,yellow-cheese-9pct-200g,no_match,dairy,hard negative: product type butter vs yellow_cheese
gold-00226,טרה חמאה רכה 100 גרם,7291970066709,False,butter-200g,close,dairy,soft differs: pack size 100 vs 200 g
gold-00226,טרה חמאה רכה 100 גרם,7291970066709,False,sweet-cream-38pct-250ml,no_match,dairy,hard negative: product type butter vs sweet_cream
gold-00226,טרה חמאה רכה 100 גרם,7291970066709,False,cottage-5pct-500g,no_match,dairy,hard negative: product type butter vs cottage
gold-00227,"יטבתה שמנת מתוקה 38% 250 מ""ל",7290000000120,False,sweet-cream-38pct-250ml,exact,dairy,same barcode
gold-00227,"יטבתה שמנת מתוקה 38% 250 מ""ל",7290000000120,False,sour-cream-15pct-200g,no_match,dairy,hard negative: product type sweet_cream vs sour_cream
gold-00227,"יטבתה שמנת מתוקה 38% 250 מ""ל",7290000000120,False,milk-1pct-1l,no_match,dairy,hard negative: product type sweet_cream vs milk
gold-00228,"שופרסל שמנת מתוקה 38% 250 מ""ל",7290000000120,False,sweet-cream-38pct-250ml,exact,dairy,same barcode
gold-00228,"שופרסל שמנת מתוקה 38% 250 מ""ל",7290000000120,False,sour-cream-15pct-200g,no_match,dairy,hard negative: product type sweet_cream vs sour_cream
gold-00228,"שופרסל שמנת מתוקה 38% 250 מ""ל",7290000000120,False,white-cheese-5pct-250g,no_match,dairy,hard negative: product type sweet_cream vs white_cheese
gold-00229,"יוחננוף שמנת מתוקה 38% 250 מ""ל",7295295163277,False,sweet-cream-38pct-250ml,any_brand,dairy,critical attributes equal
gold-00229,"יוחננוף שמנת מתוקה 38% 250 מ""ל",7295295163277,False,sour-cream-15pct-200g,no_match,dairy,hard negative: product type sweet_cream vs sour_cream
gold-00229,"יוחננוף שמנת מתוקה 38% 250 מ""ל",7295295163277,False,milk-1pct-1l,no_match,dairy,hard negative: product type sweet_cream vs milk
gold-00230,"טרה שמנת מתוקה 38% 250 מ""ל",7292301908021,False,sweet-cream-38pct-250ml,any_brand,dairy,critical attributes equal
gold-00230,"טרה שמנת מתוקה 38% 250 מ""ל",7292301908021,False,sour-cream-15pct-200g,no_match,dairy,hard negative: product type sweet_cream vs sour_cream
gold-00230,"טרה שמנת מתוקה 38% 250 מ""ל",7292301908021,False,cottage-3pct-250g,no_match,dairy,hard negative: product type sweet_cream vs cottage
gold-00231,"שטראוס שמנת מתוקה 38% 250 מ""ל",7299121826557,False,sweet-cream-38pct-250ml,any_brand,dairy,critical attributes equal
gold-00231,"שטראוס שמנת מתוקה 38% 250 מ""ל",7299121826557,False,sour-cream-15pct-200g,no_match,dairy,hard negative: product type sweet_cream vs sour_cream
gold-00231,"שטראוס שמנת מתוקה 38% 250 מ""ל",7299121826557,False,yogurt-3pct-200g,no_match,dairy,hard negative: product type sweet_cream vs yogurt
gold-00232,"שמנת להקצפה 38% 250 מ""ל שופרסל",7296823775145,False,sweet-cream-38pct-250ml,any_brand,dairy,critical attributes equal
gold-00232,"שמנת להקצפה 38% 250 מ""ל שופרסל",7296823775145,False,sour-cream-15pct-200g,no_match,dairy,hard negative: product type sweet_cream vs sour_cream
gold-00232,"שמנת להקצפה 38% 250 מ""ל שופרסל",7296823775145,False,oat-drink-1l,no_match,dairy,hard negative: product type sweet_cream vs oat_drink
gold-00233,"רמי לוי שמנת מתוקה 38% 500 מ""ל",7291513375648,False,sweet-cream-38pct-250ml,close,dairy,soft differs: pack size 500 vs 250 ml
gold-00233,"רמי לוי שמנת מתוקה 38% 500 מ""ל",7291513375648,False,sour-cream-15pct-200g,no_match,dairy,hard negative: product type sweet_cream vs sour_cream
gold-00233,"רמי לוי שמנת מתוקה 38% 500 מ""ל",7291513375648,False,yogurt-3pct-200g,no_match,dairy,hard negative: product type sweet_cream vs yogurt
gold-00234,"שמנת מתוקה 38% שטראוס 250 מ""ל",7290079363604,False,sweet-cream-38pct-250ml,any_brand,dairy,critical attributes equal
gold-00234,"שמנת מתוקה 38% שטראוס 250 מ""ל",7290079363604,False,sour-cream-15pct-200g,no_match,dairy,hard negative: product type sweet_cream vs sour_cream
gold-00234,"שמנת מתוקה 38% שטראוס 250 מ""ל",7290079363604,False,yellow-cheese-28pct-200g,no_match,dairy,hard negative: product type sweet_cream vs yellow_cheese
gold-00235,"שמנת מתוקה 38% ויקטורי 250 מ""ל",7293676522085,False,sweet-cream-38pct-250ml,any_brand,dairy,critical attributes equal
gold-00235,"שמנת מתוקה 38% ויקטורי 250 מ""ל",7293676522085,False,sour-cream-15pct-200g,no_match,dairy,hard negative: product type sweet_cream vs sour_cream
gold-00235,"שמנת מתוקה 38% ויקטורי 250 מ""ל",7293676522085,False,yogurt-1.5pct-200g,no_match,dairy,hard negative: product type sweet_cream vs yogurt
gold-00236,"ויקטורי שמנת מתוקה 38% 250 מ""ל",7292784038383,False,sweet-cream-38pct-250ml,any_brand,dairy,critical attributes equal
gold-00236,"ויקטורי שמנת מתוקה 38% 250 מ""ל",7292784038383,False,sour-cream-15pct-200g,no_match,dairy,hard negative: product type sweet_cream vs sour_cream
gold-00236,"ויקטורי שמנת מתוקה 38% 250 מ""ל",7292784038383,False,milk-3pct-1l,no_match,dairy,hard negative: product type sweet_cream vs milk
gold-00237,"שמנת מתוקה 38% שטראוס 500 מ""ל",7298322787226,False,sweet-cream-38pct-250ml,close,dairy,soft differs: pack size 500 vs 250 ml
gold-00237,"שמנת מתוקה 38% שטראוס 500 מ""ל",7298322787226,False,sour-cream-15pct-200g,no_match,dairy,hard negative: product type sweet_cream vs sour_cream
gold-00237,"שמנת מתוקה 38% שטראוס 500 מ""ל",7298322787226,False,cottage-5pct-500g,no_match,dairy,hard negative: product type sweet_cream vs cottage
gold-00238,"שמנת מתוקה 38% רמי לוי 250 מ""ל",7297962539619,False,sweet-cream-38pct-250ml,any_brand,dairy,critical attributes equal
gold-00238,"שמנת מתוקה 38% רמי לוי 250 מ""ל",7297962539619,False,sour-cream-15pct-200g,no_match,dairy,hard negative: product type sweet_cream vs sour_cream
gold-00238,"שמנת מתוקה 38% רמי לוי 250 מ""ל",7297962539619,False,milk-3pct-1l,no_match,dairy,hard negative: product type sweet_cream vs milk
gold-00239,"תנובה שמנת מתוקה 38% 250 מ""ל",7293848647983,False,sweet-cream-38pct-250ml,any_brand,dairy,critical attributes equal
gold-00239,"תנובה שמנת מתוקה 38% 250 מ""ל",7293848647983,False,sour-cream-15pct-200g,no_match,dairy,hard negative: product type sweet_cream vs sour_cream
gold-00239,"תנובה שמנת מתוקה 38% 250 מ""ל",7293848647983,False,cottage-5pct-500g,no_match,dairy,hard negative: product type sweet_cream vs cottage
gold-00240,"שמנת מתוקה 38% טרה 250 מ""ל",7298083934638,False,sweet-cream-38pct-250ml,any_brand,dairy,critical attributes equal
gold-00240,"שמנת מתוקה 38% טרה 250 מ""ל",7298083934638,False,sour-cream-15pct-200g,no_match,dairy,hard negative: product type sweet_cream vs sour_cream
gold-00240,"שמנת מתוקה 38% טרה 250 מ""ל",7298083934638,False,white-cheese-5pct-250g,no_match,dairy,hard negative: product type sweet_cream vs white_cheese
gold-00241,טרה שמנת חמוצה 15% 200 גרם,7290000000130,False,sour-cream-15pct-200g,exact,dairy,same barcode
gold-00241,טרה שמנת חמוצה 15% 200 גרם,7290000000130,False,sweet-cream-38pct-250ml,no_match,dairy,hard negative: product type sour_cream vs sweet_cream
gold-00241,טרה שמנת חמוצה 15% 200 גרם,7290000000130,False,oat-drink-1l,no_match,dairy,hard negative: product type sour_cream vs oat_drink
gold-00242,יוחננוף שמנת חמוצה 15% 200 גרם,7290000000130,False,sour-cream-15pct-200g,exact,dairy,same barcode
gold-00242,יוחננוף שמנת חמוצה 15% 200 גרם,7290000000130,False,sweet-cream-38pct-250ml,no_match,dairy,hard negative: product type sour_cream vs sweet_cream
gold-00242,יוחננוף שמנת חמוצה 15% 200 גרם,7290000000130,False,yellow-cheese-28pct-200g,no_match,dairy,hard negative: product type sour_cream vs yellow_cheese
gold-00243,שטראוס שמנת חמוצה 15% 400 גרם,7296048740706,False,sour-cream-15pct-200g,close,dairy,soft differs: pack size 400 vs 200 g
gold-00243,שטראוס שמנת חמוצה 15% 400 גרם,7296048740706,False,sweet-cream-38pct-250ml,no_match,dairy,hard negative: product type sour_cream vs sweet_cream
gold-00243,שטראוס שמנת חמוצה 15% 400 גרם,7296048740706,False,almond-drink-1l,no_match,dairy,hard negative: product type sour_cream vs almond_drink
gold-00244,תנובה שמנת חמוצה 15% 200 גרם,7293507196958,False,sour-cream-15pct-200g,any_brand,dairy,critical attributes equal
gold-00244,תנובה שמנת חמוצה 15% 200 גרם,7293507196958,False,sweet-cream-38pct-250ml,no_match,dairy,hard negative: product type sour_cream vs sweet_cream
gold-00244,תנובה שמנת חמוצה 15% 200 גרם,7293507196958,False,butter-200g,no_match,dairy,hard negative: product type sour_cream vs butter
gold-00245,שמנת חמוצה 15% טרה 200 גרם,7295204593879,False,sour-cream-15pct-200g,any_brand,dairy,critical attributes equal
gold-00245,שמנת חמוצה 15% טרה 200 גרם,7295204593879,False,sweet-cream-38pct-250ml,no_match,dairy,hard negative: product type sour_cream vs sweet_cream
gold-00245,שמנת חמוצה 15% טרה 200 גרם,7295204593879,False,eggs-l-12,no_match,dairy,hard negative: product type sour_cream vs eggs
gold-00246,יטבתה שמנת חמוצה 15% 200 גרם,7294317073577,False,sour-cream-15pct-200g,any_brand,dairy,critical attributes equal
gold-00246,יטבתה שמנת חמוצה 15% 200 גרם,7294317073577,False,sweet-cream-38pct-250ml,no_match,dairy,hard negative: product type sour_cream vs sweet_cream
gold-00246,יטבתה שמנת חמוצה 15% 200 גרם,7294317073577,False,yogurt-1.5pct-200g,no_match,dairy,hard negative: product type sour_cream vs yogurt
gold-00247,שמנת חמוצה 15% יוחננוף 200 גרם,7294772604280,False,sour-cream-15pct-200g,any_brand,dairy,critical attributes equal
gold-00247,שמנת חמוצה 15% יוחננוף 200 גרם,7294772604280,False,sweet-cream-38pct-250ml,no_match,dairy,hard negative: product type sour_cream vs sweet_cream
gold-00247,שמנת חמוצה 15% יוחננוף 200 גרם,7294772604280,False,yellow-cheese-9pct-200g,no_match,dairy,hard negative: product type sour_cream vs yellow_cheese
gold-00248,שמנת חמוצה 15% שופרסל 200 גרם,7298903618671,False,sour-cream-15pct-200g,any_brand,dairy,critical attributes equal
gold-00248,שמנת חמוצה 15% שופרסל 200 גרם,7298903618671,False,sweet-cream-38pct-250ml,no_match,dairy,hard negative: product type sour_cream vs sweet_cream
gold-00248,שמנת חמוצה 15% שופרסל 200 גרם,7298903618671,False,yellow-cheese-9pct-200g,no_match,dairy,hard negative: product type sour_cream vs yellow_cheese
gold-00249,שופרסל שמנת חמוצה 15% 200 גרם,7297326550574,False,sour-cream-15pct-200g,any_brand,dairy,critical attributes equal
gold-00249,שופרסל שמנת חמוצה 15% 200 גרם,7297326550574,False,sweet-cream-38pct-250ml,no_match,dairy,hard negative: product type sour_cream vs sweet_cream
gold-00249,שופרסל שמנת חמוצה 15% 200 גרם,7297326550574,False,yellow-cheese-9pct-200g,no_match,dairy,hard negative: product type sour_cream vs yellow_cheese
gold-00250,יטבתה שמנת חמוצה 15% 400 גרם,7296130030162,False,sour-cream-15pct-200g,close,dairy,soft differs: pack size 400 vs 200 g
gold-00250,יטבתה שמנת חמוצה 15% 400 גרם,7296130030162,False,sweet-cream-38pct-250ml,no_match,dairy,hard negative: product type sour_cream vs sweet_cream
gold-00250,יטבתה שמנת חמוצה 15% 400 גרם,7296130030162,False,yogurt-1.5pct-200g,no_match,dairy,hard negative: product type sour_cream vs yogurt
gold-00251,שמנת חמוצה 15% רמי לוי 200 גרם,7290627558081,False,sour-cream-15pct-200g,any_brand,dairy,critical attributes equal
gold-00251,שמנת חמוצה 15% רמי לוי 200 גרם,7290627558081,False,sweet-cream-38pct-250ml,no_match,dairy,hard negative: product type sour_cream vs sweet_cream
gold-00251,שמנת חמוצה 15% רמי לוי 200 גרם,7290627558081,False,yellow-cheese-9pct-200g,no_match,dairy,hard negative: product type sour_cream vs yellow_cheese
gold-00252,שמנת חמוצה 15% תנובה 200 גרם,7291604522315,False,sour-cream-15pct-200g,any_brand,dairy,critical attributes equal
gold-00252,שמנת חמוצה 15% תנובה 200 גרם,7291604522315,False,sweet-cream-38pct-250ml,no_match,dairy,hard negative: product type sour_cream vs sweet_cream
gold-00252,שמנת חמוצה 15% תנובה 200 גרם,7291604522315,False,soy-drink-1l,no_match,dairy,hard negative: product type sour_cream vs soy_drink
gold-00253,ביצים L רמי לוי 12 יח',7290000000140,False,eggs-l-12,exact,dairy,same barcode
gold-00253,ביצים L רמי לוי 12 יח',7290000000140,False,soy-drink-1l,no_match,dairy,hard negative: product type eggs vs soy_drink
gold-00254,ביצים גודל L 12 יח' רמי לוי,7290000000140,False,eggs-l-12,exact,dairy,same barcode
gold-00254,ביצים גודל L 12 יח' רמי לוי,7290000000140,False,milk-3pct-1l,no_match,dairy,hard negative: product type eggs vs milk
gold-00255,ביצי הגליל ביצי חופש L 12 יח',7291152587627,False,eggs-l-12,any_brand,dairy,critical attributes equal
gold-00255,ביצי הגליל ביצי חופש L 12 יח',7291152587627,False,white-cheese-9pct-250g,no_match,dairy,hard negative: product type eggs vs white_cheese
gold-00256,תנובה ביצי חופש L 12 יח',7292651047057,False,eggs-l-12,any_brand,dairy,critical attributes equal
gold-00256,תנובה ביצי חופש L 12 יח',7292651047057,False,cottage-5pct-250g,no_match,dairy,hard negative: product type eggs vs cottage
gold-00257,ביצים גודל L 12 יח' משק,7299631655099,False,eggs-l-12,any_brand,dairy,critical attributes equal
gold-00257,ביצים גודל L 12 יח' משק,7299631655099,False,sour-cream-15pct-200g,no_match,dairy,hard negative: product type eggs vs sour_cream
gold-00258,ביצים גודל L 30 יח' רמי לוי,7299738320222,False,eggs-l-12,close,dairy,soft differs: pack size 30 vs 12 unit
gold-00258,ביצים גודל L 30 יח' רמי לוי,7299738320222,False,cottage-5pct-500g,no_match,dairy,hard negative: product type eggs vs cottage
gold-00259,ביצים גודל L 12 יח' שופרסל,7291006868459,False,eggs-l-12,any_brand,dairy,critical attributes equal
gold-00259,ביצים גודל L 12 יח' שופרסל,7291006868459,False,milk-3pct-1l,no_match,dairy,hard negative: product type eggs vs milk
gold-00260,ביצים L שופרסל 12 יח',7299683659832,False,eggs-l-12,any_brand,dairy,critical attributes equal
gold-00260,ביצים L שופרסל 12 יח',7299683659832,False,yellow-cheese-9pct-200g,no_match,dairy,hard negative: product type eggs vs yellow_cheese
gold-00261,ביצים L תנובה 30 יח',7298566240561,False,eggs-l-12,close,dairy,soft differs: pack size 30 vs 12 unit
gold-00261,ביצים L תנובה 30 יח',7298566240561,False,sweet-cream-38pct-250ml,no_match,dairy,hard negative: product type eggs vs sweet_cream
gold-00262,משק ביצי חופש L 12 יח',7293079411747,False,eggs-l-12,any_brand,dairy,critical attributes equal
gold-00262,משק ביצי חופש L 12 יח',7293079411747,False,oat-drink-1l,no_match,dairy,hard negative: product type eggs vs oat_drink
gold-00263,ביצים גודל L 12 יח' ביצי הגליל,7294263318931,False,eggs-l-12,any_brand,dairy,critical attributes equal
gold-00263,ביצים גודל L 12 יח' ביצי הגליל,7294263318931,False,almond-drink-1l,no_match,dairy,hard negative: product type eggs vs almond_drink
gold-00264,ביצים L תנובה 12 יח',7293476041507,False,eggs-l-12,any_brand,dairy,critical attributes equal
gold-00264,ביצים L תנובה 12 יח',7293476041507,False,soy-drink-1l,no_match,dairy,hard negative: product type eggs vs soy_drink
gold-00265,ביצים L משק 12 יח',7294484994529,False,eggs-l-12,any_brand,dairy,critical attributes equal
gold-00265,ביצים L משק 12 יח',7294484994529,False,cottage-5pct-500g,no_match,dairy,hard negative: product type eggs vs cottage
gold-00266,ביצים L שופרסל 30 יח',7292037153625,False,eggs-l-12,close,dairy,soft differs: pack size 30 vs 12 unit
gold-00266,ביצים L שופרסל 30 יח',7292037153625,False,cottage-3pct-250g,no_match,dairy,hard negative: product type eggs vs cottage
gold-00267,סויה שופרסל 1 ליטר,7290000000150,False,soy-drink-1l,exact,dairy,same barcode
gold-00267,סויה שופרסל 1 ליטר,7290000000150,False,almond-drink-1l,no_match,dairy,hard negative: product type soy_drink vs almond_drink
gold-00267,סויה שופרסל 1 ליטר,7290000000150,False,oat-drink-1l,no_match,dairy,hard negative: product type soy_drink vs oat_drink
gold-00267,סויה שופרסל 1 ליטר,7290000000150,False,yellow-cheese-28pct-200g,no_match,dairy,hard negative: product type soy_drink vs yellow_cheese
gold-00268,סויה שופרסל 2 ל',7295475723099,False,soy-drink-1l,close,dairy,soft differs: pack size 2000 vs 1000 ml
gold-00268,סויה שופרסל 2 ל',7295475723099,False,almond-drink-1l,no_match,dairy,hard negative: product type soy_drink vs almond_drink
gold-00268,סויה שופרסל 2 ל',7295475723099,False,oat-drink-1l,no_match,dairy,hard negative: product type soy_drink vs oat_drink
gold-00268,סויה שופרסל 2 ל',7295475723099,False,cottage-5pct-500g,no_match,dairy,hard negative: product type soy_drink vs cottage
gold-00269,סויה אוטלי 2 ל',7295317240990,False,soy-drink-1l,close,dairy,soft differs: pack size 2000 vs 1000 ml
gold-00269,סויה אוטלי 2 ל',7295317240990,False,almond-drink-1l,no_match,dairy,hard negative: product type soy_drink vs almond_drink
gold-00269,סויה אוטלי 2 ל',7295317240990,False,oat-drink-1l,no_match,dairy,hard negative: product type soy_drink vs oat_drink
gold-00269,סויה אוטלי 2 ל',7295317240990,False,eggs-l-12,no_match,dairy,hard negative: product type soy_drink vs eggs
gold-00270,משקה סויה יטבתה 1 ליטר,7290000000150,False,soy-drink-1l,exact,dairy,same barcode
gold-00270,משקה סויה יטבתה 1 ליטר,7290000000150,False,almond-drink-1l,no_match,dairy,hard negative: product type soy_drink vs almond_drink
gold-00270,משקה סויה יטבתה 1 ליטר,7290000000150,False,oat-drink-1l,no_match,dairy,hard negative: product type soy_drink vs oat_drink
gold-00270,משקה סויה יטבתה 1 ליטר,7290000000150,False,yellow-cheese-9pct-200g,no_match,dairy,hard negative: product type soy_drink vs yellow_cheese
gold-00271,משקה סויה וילי פוד 2 ל',7291390365647,False,soy-drink-1l,close,dairy,soft differs: pack size 2000 vs 1000 ml
gold-00271,משקה סויה וילי פוד 2 ל',7291390365647,False,almond-drink-1l,no_match,dairy,hard negative: product type soy_drink vs almond_drink
gold-00271,משקה סויה וילי פוד 2 ל',7291390365647,False,oat-drink-1l,no_match,dairy,hard negative: product type soy_drink vs oat_drink
gold-00271,משקה סויה וילי פוד 2 ל',7291390365647,False,yellow-cheese-28pct-200g,no_match,dairy,hard negative: product type soy_drink vs yellow_cheese
gold-00272,סויה יטבתה 1 ל',7295150513609,False,soy-drink-1l,any_brand,dairy,critical attributes equal
gold-00272,סויה יטבתה 1 ל',7295150513609,False,almond-drink-1l,no_match,dairy,hard negative: product type soy_drink vs almond_drink
gold-00272,סויה יטבתה 1 ל',7295150513609,False,oat-drink-1l,no_match,dairy,hard negative: product type soy_drink vs oat_drink
gold-00272,סויה יטבתה 1 ל',7295150513609,False,sweet-cream-38pct-250ml,no_match,dairy,hard negative: product type soy_drink vs sweet_cream
gold-00273,משקה סויה אוטלי 1 ליטר,7293703188543,False,soy-drink-1l,any_brand,dairy,critical attributes equal
gold-00273,משקה סויה אוטלי 1 ליטר,7293703188543,False,almond-drink-1l,no_match,dairy,hard negative: product type soy_drink vs almond_drink
gold-00273,משקה סויה אוטלי 1 ליטר,7293703188543,False,oat-drink-1l,no_match,dairy,hard negative: product type soy_drink vs oat_drink
gold-00273,משקה סויה אוטלי 1 ליטר,7293703188543,False,sweet-cream-38pct-250ml,no_match,dairy,hard negative: product type soy_drink vs sweet_cream
gold-00274,משקה סויה אלפרו 1 ליטר,7297599964326,False,soy-drink-1l,any_brand,dairy,critical attributes equal
gold-00274,משקה סויה אלפרו 1 ליטר,7297599964326,False,almond-drink-1l,no_match,dairy,hard negative: product type soy_drink vs almond_drink
gold-00274,משקה סויה אלפרו 1 ליטר,7297599964326,False,oat-drink-1l,no_match,dairy,hard negative: product type soy_drink vs oat_drink
gold-00274,משקה סויה אלפרו 1 ליטר,7297599964326,False,sour-cream-15pct-200g,no_match,dairy,hard negative: product type soy_drink vs sour_cream
gold-00275,יטבתה משקה סויה וניל 1 ליטר,7293363420746,False,soy-drink-1l,close,dairy,soft differs: flavor vanilla vs natural
gold-00275,יטבתה משקה סויה וניל 1 ליטר,7293363420746,False,almond-drink-1l,no_match,dairy,hard negative: product type soy_drink vs almond_drink
gold-00275,יטבתה משקה סויה וניל 1 ליטר,7293363420746,False,oat-drink-1l,no_match,dairy,hard negative: product type soy_drink vs oat_drink
gold-00275,יטבתה משקה סויה וניל 1 ליטר,7293363420746,False,white-cheese-9pct-250g,no_match,dairy,hard negative: product type soy_drink vs white_cheese
gold-00276,משקה סויה תנובה 2 ל',7292806528461,False,soy-drink-1l,close,dairy,soft differs: pack size 2000 vs 1000 ml
gold-00276,משקה סויה תנובה 2 ל',7292806528461,False,almond-drink-1l,no_match,dairy,hard negative: product type soy_drink vs almond_drink
gold-00276,משקה סויה תנובה 2 ל',7292806528461,False,oat-drink-1l,no_match,dairy,hard negative: product type soy_drink vs oat_drink
gold-00276,משקה סויה תנובה 2 ל',7292806528461,False,sour-cream-15pct-200g,no_match,dairy,hard negative: product type soy_drink vs sour_cream
gold-00277,סויה תנובה וניל 1 ליטר,7298068968237,False,soy-drink-1l,close,dairy,soft differs: flavor vanilla vs natural
gold-00277,סויה תנובה וניל 1 ליטר,7298068968237,False,almond-drink-1l,no_match,dairy,hard negative: product type soy_drink vs almond_drink
gold-00277,סויה תנובה וניל 1 ליטר,7298068968237,False,oat-drink-1l,no_match,dairy,hard negative: product type soy_drink vs oat_drink
gold-00277,סויה תנובה וניל 1 ליטר,7298068968237,False,yogurt-3pct-200g,no_match,dairy,hard negative: product type soy_drink vs yogurt
gold-00278,משקה סויה שופרסל 1 ליטר,7290959047160,False,soy-drink-1l,any_brand,dairy,critical attributes equal
gold-00278,משקה סויה שופרסל 1 ליטר,7290959047160,False,almond-drink-1l,no_match,dairy,hard negative: product type soy_drink vs almond_drink
gold-00278,משקה סויה שופרסל 1 ליטר,7290959047160,False,oat-drink-1l,no_match,dairy,hard negative: product type soy_drink vs oat_drink
gold-00278,משקה סויה שופרסל 1 ליטר,7290959047160,False,cottage-5pct-500g,no_match,dairy,hard negative: product type soy_drink vs cottage
gold-00279,משקה סויה אלפרו 2 ל',7298853129738,False,soy-drink-1l,close,dairy,soft differs: pack size 2000 vs 1000 ml
gold-00279,משקה סויה אלפרו 2 ל',7298853129738,False,almond-drink-1l,no_match,dairy,hard negative: product type soy_drink vs almond_drink
gold-00279,משקה סויה אלפרו 2 ל',7298853129738,False,oat-drink-1l,no_match,dairy,hard negative: product type soy_drink vs oat_drink
gold-00279,משקה סויה אלפרו 2 ל',7298853129738,False,milk-1pct-1l,no_match,dairy,hard negative: product type soy_drink vs milk
gold-00280,סויה אלפרו 1 ליטר,7291529663256,False,soy-drink-1l,any_brand,dairy,critical attributes equal
gold-00280,סויה אלפרו 1 ליטר,7291529663256,False,almond-drink-1l,no_match,dairy,hard negative: product type soy_drink vs almond_drink
gold-00280,סויה אלפרו 1 ליטר,7291529663256,False,oat-drink-1l,no_match,dairy,hard negative: product type soy_drink vs oat_drink
gold-00280,סויה אלפרו 1 ליטר,7291529663256,False,yogurt-1.5pct-200g,no_match,dairy,hard negative: product type soy_drink vs yogurt
gold-00281,סויה אוטלי 1 ליטר,7291701178634,False,soy-drink-1l,any_brand,dairy,critical attributes equal
gold-00281,סויה אוטלי 1 ליטר,7291701178634,False,almond-drink-1l,no_match,dairy,hard negative: product type soy_drink vs almond_drink
gold-00281,סויה אוטלי 1 ליטר,7291701178634,False,oat-drink-1l,no_match,dairy,hard negative: product type soy_drink vs oat_drink
gold-00281,סויה אוטלי 1 ליטר,7291701178634,False,yellow-cheese-9pct-200g,no_match,dairy,hard negative: product type soy_drink vs yellow_cheese
gold-00282,משקה סויה וילי פוד 1 ליטר,7293988121338,False,soy-drink-1l,any_brand,dairy,critical attributes equal
gold-00282,משקה סויה וילי פוד 1 ליטר,7293988121338,False,almond-drink-1l,no_match,dairy,hard negative: product type soy_drink vs almond_drink
gold-00282,משקה סויה וילי פוד 1 ליטר,7293988121338,False,oat-drink-1l,no_match,dairy,hard negative: product type soy_drink vs oat_drink
gold-00282,משקה סויה וילי פוד 1 ליטר,7293988121338,False,white-cheese-5pct-250g,no_match,dairy,hard negative: product type soy_drink vs white_cheese
gold-00283,וילי פוד משקה סויה 1 ליטר,7296365151617,False,soy-drink-1l,any_brand,dairy,critical attributes equal
gold-00283,וילי פוד משקה סויה 1 ליטר,7296365151617,False,almond-drink-1l,no_match,dairy,hard negative: product type soy_drink vs almond_drink
gold-00283,וילי פוד משקה סויה 1 ליטר,7296365151617,False,oat-drink-1l,no_match,dairy,hard negative: product type soy_drink vs oat_drink
gold-00283,וילי פוד משקה סויה 1 ליטר,7296365151617,False,cottage-5pct-250g,no_match,dairy,hard negative: product type soy_drink vs cottage
gold-00284,תנובה משקה סויה 1 ליטר,7296307514119,False,soy-drink-1l,any_brand,dairy,critical attributes equal
gold-00284,תנובה משקה סויה 1 ליטר,7296307514119,False,almond-drink-1l,no_match,dairy,hard negative: product type soy_drink vs almond_drink
gold-00284,תנובה משקה סויה 1 ליטר,7296307514119,False,oat-drink-1l,no_match,dairy,hard negative: product type soy_drink vs oat_drink
gold-00284,תנובה משקה סויה 1 ליטר,7296307514119,False,milk-3pct-1l,no_match,dairy,hard negative: product type soy_drink vs milk
gold-00285,סויה שופרסל 1 ל',7293674058202,False,soy-drink-1l,any_brand,dairy,critical attributes equal
gold-00285,סויה שופרסל 1 ל',7293674058202,False,almond-drink-1l,no_match,dairy,hard negative: product type soy_drink vs almond_drink
gold-00285,סויה שופרסל 1 ל',7293674058202,False,oat-drink-1l,no_match,dairy,hard negative: product type soy_drink vs oat_drink
gold-00285,סויה שופרסל 1 ל',7293674058202,False,white-cheese-9pct-250g,no_match,dairy,hard negative: product type soy_drink vs white_cheese
gold-00286,סויה יטבתה 1 ליטר,7293548358785,False,soy-drink-1l,any_brand,dairy,critical attributes equal
gold-00286,סויה יטבתה 1 ליטר,7293548358785,False,almond-drink-1l,no_match,dairy,hard negative: product type soy_drink vs almond_drink
gold-00286,סויה יטבתה 1 ליטר,7293548358785,False,oat-drink-1l,no_match,dairy,hard negative: product type soy_drink vs oat_drink
gold-00286,סויה יטבתה 1 ליטר,7293548358785,False,milk-3pct-1l,no_match,dairy,hard negative: product type soy_drink vs milk
gold-00287,יטבתה משקה שקדים 1 ליטר,7290000000160,False,almond-drink-1l,exact,dairy,same barcode
gold-00287,יטבתה משקה שקדים 1 ליטר,7290000000160,False,soy-drink-1l,no_match,dairy,hard negative: product type almond_drink vs soy_drink
gold-00287,יטבתה משקה שקדים 1 ליטר,7290000000160,False,oat-drink-1l,no_match,dairy,hard negative: product type almond_drink vs oat_drink
gold-00287,יטבתה משקה שקדים 1 ליטר,7290000000160,False,sweet-cream-38pct-250ml,no_match,dairy,hard negative: product type almond_drink vs sweet_cream
gold-00288,וילי פוד משקה שקדים 1 ל',7296589148196,False,almond-drink-1l,any_brand,dairy,critical attributes equal
gold-00288,וילי פוד משקה שקדים 1 ל',7296589148196,False,soy-drink-1l,no_match,dairy,hard negative: product type almond_drink vs soy_drink
gold-00288,וילי פוד משקה שקדים 1 ל',7296589148196,False,oat-drink-1l,no_match,dairy,hard negative: product type almond_drink vs oat_drink
gold-00288,וילי פוד משקה שקדים 1 ל',7296589148196,False,yellow-cheese-9pct-200g,no_match,dairy,hard negative: product type almond_drink vs yellow_cheese
gold-00289,וילי פוד משקה שקדים 1 ליטר,7290000000160,False,almond-drink-1l,exact,dairy,same barcode
gold-00289,וילי פוד משקה שקדים 1 ליטר,7290000000160,False,soy-drink-1l,no_match,dairy,hard negative: product type almond_drink vs soy_drink
gold-00289,וילי פוד משקה שקדים 1 ליטר,7290000000160,False,oat-drink-1l,no_match,dairy,hard negative: product type almond_drink vs oat_drink
gold-00289,וילי פוד משקה שקדים 1 ליטר,7290000000160,False,yellow-cheese-9pct-200g,no_match,dairy,hard negative: product type almond_drink vs yellow_cheese
gold-00290,שקדים אוטלי משקה 1 ליטר,7293540383715,False,almond-drink-1l,any_brand,dairy,critical attributes equal
gold-00290,שקדים אוטלי משקה 1 ליטר,7293540383715,False,soy-drink-1l,no_match,dairy,hard negative: product type almond_drink vs soy_drink
gold-00290,שקדים אוטלי משקה 1 ליטר,7293540383715,False,oat-drink-1l,no_match,dairy,hard negative: product type almond_drink vs oat_drink
gold-00290,שקדים אוטלי משקה 1 ליטר,7293540383715,False,yellow-cheese-28pct-200g,no_match,dairy,hard negative: product type almond_drink vs yellow_cheese
gold-00291,משקה שקדים אלפרו 1 ליטר,7292633781628,False,almond-drink-1l,any_brand,dairy,critical attributes equal
gold-00291,משקה שקדים אלפרו 1 ליטר,7292633781628,False,soy-drink-1l,no_match,dairy,hard negative: product type almond_drink vs soy_drink
gold-00291,משקה שקדים אלפרו 1 ליטר,7292633781628,False,oat-drink-1l,no_match,dairy,hard negative: product type almond_drink vs oat_drink
gold-00291,משקה שקדים אלפרו 1 ליטר,7292633781628,False,milk-3pct-1l,no_match,dairy,hard negative: product type almond_drink vs milk
gold-00292,שקדים יטבתה משקה 1 ליטר,7291229226917,False,almond-drink-1l,any_brand,dairy,critical attributes equal
gold-00292,שקדים יטבתה משקה 1 ליטר,7291229226917,False,soy-drink-1l,no_match,dairy,hard negative: product type almond_drink vs soy_drink
gold-00292,שקדים יטבתה משקה 1 ליטר,7291229226917,False,oat-drink-1l,no_match,dairy,hard negative: product type almond_drink vs oat_drink
gold-00292,שקדים יטבתה משקה 1 ליטר,7291229226917,False,cottage-3pct-250g,no_match,dairy,hard negative: product type almond_drink vs cottage
gold-00293,שקדים אלפרו משקה 1 ליטר,7299989077347,False,almond-drink-1l,any_brand,dairy,critical attributes equal
gold-00293,שקדים אלפרו משקה 1 ליטר,7299989077347,False,soy-drink-1l,no_match,dairy,hard negative: product type almond_drink vs soy_drink
gold-00293,שקדים אלפרו משקה 1 ליטר,7299989077347,False,oat-drink-1l,no_match,dairy,hard negative: product type almond_drink vs oat_drink
gold-00293,שקדים אלפרו משקה 1 ליטר,7299989077347,False,milk-3pct-1l,no_match,dairy,hard negative: product type almond_drink vs milk
gold-00294,שופרסל משקה שקדים 1 ליטר,7290352229105,False,almond-drink-1l,any_brand,dairy,critical attributes equal
gold-00294,שופרסל משקה שקדים 1 ליטר,7290352229105,False,soy-drink-1l,no_match,dairy,hard negative: product type almond_drink vs soy_drink
gold-00294,שופרסל משקה שקדים 1 ליטר,7290352229105,False,oat-drink-1l,no_match,dairy,hard negative: product type almond_drink vs oat_drink
gold-00294,שופרסל משקה שקדים 1 ליטר,7290352229105,False,butter-200g,no_match,dairy,hard negative: product type almond_drink vs butter
gold-00295,יטבתה משקה שקדים 1 ל',7298065168913,False,almond-drink-1l,any_brand,dairy,critical attributes equal
gold-00295,יטבתה משקה שקדים 1 ל',7298065168913,False,soy-drink-1l,no_match,dairy,hard negative: product type almond_drink vs soy_drink
gold-00295,יטבתה משקה שקדים 1 ל',7298065168913,False,oat-drink-1l,no_match,dairy,hard negative: product type almond_drink vs oat_drink
gold-00295,יטבתה משקה שקדים 1 ל',7298065168913,False,yogurt-1.5pct-200g,no_match,dairy,hard negative: product type almond_drink vs yogurt
gold-00296,שקדים תנובה משקה 1 ל',7294385767261,False,almond-drink-1l,any_brand,dairy,critical attributes equal
gold-00296,שקדים תנובה משקה 1 ל',7294385767261,False,soy-drink-1l,no_match,dairy,hard negative: product type almond_drink vs soy_drink
gold-00296,שקדים תנובה משקה 1 ל',7294385767261,False,oat-drink-1l,no_match,dairy,hard negative: product type almond_drink vs oat_drink
gold-00296,שקדים תנובה משקה 1 ל',7294385767261,False,butter-200g,no_match,dairy,hard negative: product type almond_drink vs butter
gold-00297,משקה שקדים תנובה 1 ליטר,7292619307851,False,almond-drink-1l,any_brand,dairy,critical attributes equal
gold-00297,משקה שקדים תנובה 1 ליטר,7292619307851,False,soy-drink-1l,no_match,dairy,hard negative: product type almond_drink vs soy_drink
gold-00297,משקה שקדים תנובה 1 ליטר,7292619307851,False,oat-drink-1l,no_match,dairy,hard negative: product type almond_drink vs oat_drink
gold-00297,משקה שקדים תנובה 1 ליטר,7292619307851,False,cottage-5pct-250g,no_match,dairy,hard negative: product type almond_drink vs cottage
gold-00298,משקה שקדים תנובה 1 ל',7294213922392,False,almond-drink-1l,any_brand,dairy,critical attributes equal
gold-00298,משקה שקדים תנובה 1 ל',7294213922392,False,soy-drink-1l,no_match,dairy,hard negative: product type almond_drink vs soy_drink
gold-00298,משקה שקדים תנובה 1 ל',7294213922392,False,oat-drink-1l,no_match,dairy,hard negative: product type almond_drink vs oat_drink
gold-00298,משקה שקדים תנובה 1 ל',7294213922392,False,milk-3pct-1l,no_match,dairy,hard negative: product type almond_drink vs milk
gold-00299,תנובה משקה שקדים 1 ליטר,7291273214971,False,almond-drink-1l,any_brand,dairy,critical attributes equal
gold-00299,תנובה משקה שקדים 1 ליטר,7291273214971,False,soy-drink-1l,no_match,dairy,hard negative: product type almond_drink vs soy_drink
gold-00299,תנובה משקה שקדים 1 ליטר,7291273214971,False,oat-drink-1l,no_match,dairy,hard negative: product type almond_drink vs oat_drink
gold-00299,תנובה משקה שקדים 1 ליטר,7291273214971,False,white-cheese-5pct-250g,no_match,dairy,hard negative: product type almond_drink vs white_cheese
gold-00300,משקה שקדים שופרסל 1 ליטר,7293732032543,False,almond-drink-1l,any_brand,dairy,critical attributes equal
gold-00300,משקה שקדים שופרסל 1 ליטר,7293732032543,False,soy-drink-1l,no_match,dairy,hard negative: product type almond_drink vs soy_drink
gold-00300,משקה שקדים שופרסל 1 ליטר,7293732032543,False,oat-drink-1l,no_match,dairy,hard negative: product type almond_drink vs oat_drink
gold-00300,משקה שקדים שופרסל 1 ליטר,7293732032543,False,cottage-3pct-250g,no_match,dairy,hard negative: product type almond_drink vs cottage
gold-00301,משקה שקדים וילי פוד 1 ליטר,7291698269584,False,almond-drink-1l,any_brand,dairy,critical attributes equal
gold-00301,משקה שקדים וילי פוד 1 ליטר,7291698269584,False,soy-drink-1l,no_match,dairy,hard negative: product type almond_drink vs soy_drink
gold-00301,משקה שקדים וילי פוד 1 ליטר,7291698269584,False,oat-drink-1l,no_match,dairy,hard negative: product type almond_drink vs oat_drink
gold-00301,משקה שקדים וילי פוד 1 ליטר,7291698269584,False,sweet-cream-38pct-250ml,no_match,dairy,hard negative: product type almond_drink vs sweet_cream
gold-00302,אלפרו משקה שקדים 1 ליטר,7299478259894,False,almond-drink-1l,any_brand,dairy,critical attributes equal
gold-00302,אלפרו משקה שקדים 1 ליטר,7299478259894,False,soy-drink-1l,no_match,dairy,hard negative: product type almond_drink vs soy_drink
gold-00302,אלפרו משקה שקדים 1 ליטר,7299478259894,False,oat-drink-1l,no_match,dairy,hard negative: product type almond_drink vs oat_drink
gold-00302,אלפרו משקה שקדים 1 ליטר,7299478259894,False,milk-1pct-1l,no_match,dairy,hard negative: product type almond_drink vs milk
gold-00303,אלפרו משקה שקדים וניל 1 ליטר,7294623874038,False,almond-drink-1l,close,dairy,soft differs: flavor vanilla vs natural
gold-00303,אלפרו משקה שקדים וניל 1 ליטר,7294623874038,False,soy-drink-1l,no_match,dairy,hard negative: product type almond_drink vs soy_drink
gold-00303,אלפרו משקה שקדים וניל 1 ליטר,7294623874038,False,oat-drink-1l,no_match,dairy,hard negative: product type almond_drink vs oat_drink
gold-00303,אלפרו משקה שקדים וניל 1 ליטר,7294623874038,False,milk-1pct-1l,no_match,dairy,hard negative: product type almond_drink vs milk
gold-00304,שקדים תנובה משקה 1 ליטר,7293405871742,False,almond-drink-1l,any_brand,dairy,critical attributes equal
gold-00304,שקדים תנובה משקה 1 ליטר,7293405871742,False,soy-drink-1l,no_match,dairy,hard negative: product type almond_drink vs soy_drink
gold-00304,שקדים תנובה משקה 1 ליטר,7293405871742,False,oat-drink-1l,no_match,dairy,hard negative: product type almond_drink vs oat_drink
gold-00304,שקדים תנובה משקה 1 ליטר,7293405871742,False,milk-3pct-1l,no_match,dairy,hard negative: product type almond_drink vs milk
gold-00305,שיבולת שועל משקה וילי פוד 1 ליטר,7290000000170,False,oat-drink-1l,exact,dairy,same barcode
gold-00305,שיבולת שועל משקה וילי פוד 1 ליטר,7290000000170,False,soy-drink-1l,no_match,dairy,hard negative: product type oat_drink vs soy_drink
gold-00305,שיבולת שועל משקה וילי פוד 1 ליטר,7290000000170,False,almond-drink-1l,no_match,dairy,hard negative: product type oat_drink vs almond_drink
gold-00305,שיבולת שועל משקה וילי פוד 1 ליטר,7290000000170,False,yogurt-1.5pct-200g,no_match,dairy,hard negative: product type oat_drink vs yogurt
gold-00306,אוטלי משקה שיבולת שועל 1 ליטר,7290000000170,False,oat-drink-1l,exact,dairy,same barcode
gold-00306,אוטלי משקה שיבולת שועל 1 ליטר,7290000000170,False,soy-drink-1l,no_match,dairy,hard negative: product type oat_drink vs soy_drink
gold-00306,אוטלי משקה שיבולת שועל 1 ליטר,7290000000170,False,almond-drink-1l,no_match,dairy,hard negative: product type oat_drink vs almond_drink
gold-00306,אוטלי משקה שיבולת שועל 1 ליטר,7290000000170,False,eggs-l-12,no_match,dairy,hard negative: product type oat_drink vs eggs
gold-00307,אלפרו משקה שיבולת שועל 1 ליטר,7298887604964,False,oat-drink-1l,any_brand,dairy,critical attributes equal
gold-00307,אלפרו משקה שיבולת שועל 1 ליטר,7298887604964,False,soy-drink-1l,no_match,dairy,hard negative: product type oat_drink vs soy_drink
gold-00307,אלפרו משקה שיבולת שועל 1 ליטר,7298887604964,False,almond-drink-1l,no_match,dairy,hard negative: product type oat_drink vs almond_drink
gold-00307,אלפרו משקה שיבולת שועל 1 ליטר,7298887604964,False,milk-1pct-1l,no_match,dairy,hard negative: product type oat_drink vs milk
gold-00308,משקה שיבולת שועל יטבתה 1 ליטר,7299896033752,False,oat-drink-1l,any_brand,dairy,critical attributes equal
gold-00308,משקה שיבולת שועל יטבתה 1 ליטר,7299896033752,False,soy-drink-1l,no_match,dairy,hard negative: product type oat_drink vs soy_drink
gold-00308,משקה שיבולת שועל יטבתה 1 ליטר,7299896033752,False,almond-drink-1l,no_match,dairy,hard negative: product type oat_drink vs almond_drink
gold-00308,משקה שיבולת שועל יטבתה 1 ליטר,7299896033752,False,eggs-l-12,no_match,dairy,hard negative: product type oat_drink vs eggs
gold-00309,שיבולת שועל משקה שופרסל 1 ליטר,7292459708418,False,oat-drink-1l,any_brand,dairy,critical attributes equal
gold-00309,שיבולת שועל משקה שופרסל 1 ליטר,7292459708418,False,soy-drink-1l,no_match,dairy,hard negative: product type oat_drink vs soy_drink
gold-00309,שיבולת שועל משקה שופרסל 1 ליטר,7292459708418,False,almond-drink-1l,no_match,dairy,hard negative: product type oat_drink vs almond_drink
gold-00309,שיבולת שועל משקה שופרסל 1 ליטר,7292459708418,False,yogurt-1.5pct-200g,no_match,dairy,hard negative: product type oat_drink vs yogurt
gold-00310,שופרסל משקה שיבולת שועל 1 ליטר,7292639629071,False,oat-drink-1l,any_brand,dairy,critical attributes equal
gold-00310,שופרסל משקה שיבולת שועל 1 ליטר,7292639629071,False,soy-drink-1l,no_match,dairy,hard negative: product type oat_drink vs soy_drink
gold-00310,שופרסל משקה שיבולת שועל 1 ליטר,7292639629071,False,almond-drink-1l,no_match,dairy,hard negative: product type oat_drink vs almond_drink
gold-00310,שופרסל משקה שיבולת שועל 1 ליטר,7292639629071,False,cottage-5pct-500g,no_match,dairy,hard negative: product type oat_drink vs cottage
gold-00311,יטבתה משקה שיבולת שועל 1 ליטר,7291395271915,False,oat-drink-1l,any_brand,dairy,critical attributes equal
gold-00311,יטבתה משקה שיבולת שועל 1 ליטר,7291395271915,False,soy-drink-1l,no_match,dairy,hard negative: product type oat_drink vs soy_drink
gold-00311,יטבתה משקה שיבולת שועל 1 ליטר,7291395271915,False,almond-drink-1l,no_match,dairy,hard negative: product type oat_drink vs almond_drink
gold-00311,יטבתה משקה שיבולת שועל 1 ליטר,7291395271915,False,butter-200g,no_match,dairy,hard negative: product type oat_drink vs butter
gold-00312,משקה שיבולת שועל וילי פוד 1 ליטר,7294753102001,False,oat-drink-1l,any_brand,dairy,critical attributes equal
gold-00312,משקה שיבולת שועל וילי פוד 1 ליטר,7294753102001,False,soy-drink-1l,no_match,dairy,hard negative: product type oat_drink vs soy_drink
gold-00312,משקה שיבולת שועל וילי פוד 1 ליטר,7294753102001,False,almond-drink-1l,no_match,dairy,hard negative: product type oat_drink vs almond_drink
gold-00312,משקה שיבולת שועל וילי פוד 1 ליטר,7294753102001,False,milk-1pct-1l,no_match,dairy,hard negative: product type oat_drink vs milk
gold-00313,תנובה משקה שיבולת שועל 1 ליטר,7296127348179,False,oat-drink-1l,any_brand,dairy,critical attributes equal
gold-00313,תנובה משקה שיבולת שועל 1 ליטר,7296127348179,False,soy-drink-1l,no_match,dairy,hard negative: product type oat_drink vs soy_drink
gold-00313,תנובה משקה שיבולת שועל 1 ליטר,7296127348179,False,almond-drink-1l,no_match,dairy,hard negative: product type oat_drink vs almond_drink
gold-00313,תנובה משקה שיבולת שועל 1 ליטר,7296127348179,False,eggs-l-12,no_match,dairy,hard negative: product type oat_drink vs eggs
gold-00314,תנובה משקה שיבולת שועל 1 ל',7299130584137,False,oat-drink-1l,any_brand,dairy,critical attributes equal
gold-00314,תנובה משקה שיבולת שועל 1 ל',7299130584137,False,soy-drink-1l,no_match,dairy,hard negative: product type oat_drink vs soy_drink
gold-00314,תנובה משקה שיבולת שועל 1 ל',7299130584137,False,almond-drink-1l,no_match,dairy,hard negative: product type oat_drink vs almond_drink
gold-00314,תנובה משקה שיבולת שועל 1 ל',7299130584137,False,sour-cream-15pct-200g,no_match,dairy,hard negative: product type oat_drink vs sour_cream
gold-00315,משקה שיבולת שועל שופרסל 1 ליטר,7297982731489,False,oat-drink-1l,any_brand,dairy,critical attributes equal
gold-00315,משקה שיבולת שועל שופרסל 1 ליטר,7297982731489,False,soy-drink-1l,no_match,dairy,hard negative: product type oat_drink vs soy_drink
gold-00315,משקה שיבולת שועל שופרסל 1 ליטר,7297982731489,False,almond-drink-1l,no_match,dairy,hard negative: product type oat_drink vs almond_drink
gold-00315,משקה שיבולת שועל שופרסל 1 ליטר,7297982731489,False,white-cheese-9pct-250g,no_match,dairy,hard negative: product type oat_drink vs white_cheese
gold-00316,שיבולת שועל משקה יטבתה 1 ליטר,7294872938798,False,oat-drink-1l,any_brand,dairy,critical attributes equal
gold-00316,שיבולת שועל משקה יטבתה 1 ליטר,7294872938798,False,soy-drink-1l,no_match,dairy,hard negative: product type oat_drink vs soy_drink
gold-00316,שיבולת שועל משקה יטבתה 1 ליטר,7294872938798,False,almond-drink-1l,no_match,dairy,hard negative: product type oat_drink vs almond_drink
gold-00316,שיבולת שועל משקה יטבתה 1 ליטר,7294872938798,False,milk-3pct-1l,no_match,dairy,hard negative: product type oat_drink vs milk
gold-00317,משקה שיבולת שועל אלפרו 1 ליטר,7298727027138,False,oat-drink-1l,any_brand,dairy,critical attributes equal
gold-00317,משקה שיבולת שועל אלפרו 1 ליטר,7298727027138,False,soy-drink-1l,no_match,dairy,hard negative: product type oat_drink vs soy_drink
gold-00317,משקה שיבולת שועל אלפרו 1 ליטר,7298727027138,False,almond-drink-1l,no_match,dairy,hard negative: product type oat_drink vs almond_drink
gold-00317,משקה שיבולת שועל אלפרו 1 ליטר,7298727027138,False,cottage-5pct-250g,no_match,dairy,hard negative: product type oat_drink vs cottage
gold-00318,משקה שיבולת שועל תנובה 1 ליטר,7297198460941,False,oat-drink-1l,any_brand,dairy,critical attributes equal
gold-00318,משקה שיבולת שועל תנובה 1 ליטר,7297198460941,False,soy-drink-1l,no_match,dairy,hard negative: product type oat_drink vs soy_drink
gold-00318,משקה שיבולת שועל תנובה 1 ליטר,7297198460941,False,almond-drink-1l,no_match,dairy,hard negative: product type oat_drink vs almond_drink
gold-00318,משקה שיבולת שועל תנובה 1 ליטר,7297198460941,False,sour-cream-15pct-200g,no_match,dairy,hard negative: product type oat_drink vs sour_cream
gold-00319,פילה סלמון טרי שופרסל 400 גרם,7290000000180,False,salmon-fillet-fresh,exact,meat_fish,same barcode
gold-00319,פילה סלמון טרי שופרסל 400 גרם,7290000000180,False,salmon-fillet-frozen,no_match,meat_fish,hard negative: state fresh vs frozen
gold-00319,פילה סלמון טרי שופרסל 400 גרם,7290000000180,False,tilapia-fillet-frozen,no_match,meat_fish,hard negative: product type salmon vs tilapia
gold-00320,פילה סלמון טרי פרש מרקט 400 גרם,7290000000180,False,salmon-fillet-fresh,exact,meat_fish,same barcode
gold-00320,פילה סלמון טרי פרש מרקט 400 גרם,7290000000180,False,salmon-fillet-frozen,no_match,meat_fish,hard negative: state fresh vs frozen
gold-00320,פילה סלמון טרי פרש מרקט 400 גרם,7290000000180,False,tilapia-fillet-frozen,no_match,meat_fish,hard negative: product type salmon vs tilapia
gold-00321,נתחי סלמון טריים פרש מרקט 400 גרם,7295827265381,False,salmon-fillet-fresh,any_brand,meat_fish,critical attributes equal
gold-00321,נתחי סלמון טריים פרש מרקט 400 גרם,7295827265381,False,salmon-fillet-frozen,no_match,meat_fish,hard negative: state fresh vs frozen
gold-00321,נתחי סלמון טריים פרש מרקט 400 גרם,7295827265381,False,ground-beef-frozen-15pct,no_match,meat_fish,hard negative: product type salmon vs ground_beef
gold-00322,נתחי סלמון טריים 400 גרם,7295720851545,False,salmon-fillet-fresh,any_brand,meat_fish,critical attributes equal
gold-00322,נתחי סלמון טריים 400 גרם,7295720851545,False,salmon-fillet-frozen,no_match,meat_fish,hard negative: state fresh vs frozen
gold-00322,נתחי סלמון טריים 400 גרם,7295720851545,False,ground-beef-fresh-15pct,no_match,meat_fish,hard negative: product type salmon vs ground_beef
gold-00323,פילה סלמון דגי הגליל 400 גרם,7297018098433,False,salmon-fillet-fresh,any_brand,meat_fish,critical attributes equal
gold-00323,פילה סלמון דגי הגליל 400 גרם,7297018098433,False,salmon-fillet-frozen,no_match,meat_fish,hard negative: state fresh vs frozen
gold-00323,פילה סלמון דגי הגליל 400 גרם,7297018098433,False,chicken-breast-fresh,no_match,meat_fish,hard negative: product type salmon vs chicken_breast
gold-00324,פילה סלמון מעדני הים 400 גרם,7292455483610,False,salmon-fillet-fresh,any_brand,meat_fish,critical attributes equal
gold-00324,פילה סלמון מעדני הים 400 גרם,7292455483610,False,salmon-fillet-frozen,no_match,meat_fish,hard negative: state fresh vs frozen
gold-00324,פילה סלמון מעדני הים 400 גרם,7292455483610,False,tilapia-fillet-frozen,no_match,meat_fish,hard negative: product type salmon vs tilapia
gold-00325,פילה סלמון טרי נורווגיה,7297050095678,False,salmon-fillet-fresh,any_brand,meat_fish,critical attributes equal
gold-00325,פילה סלמון טרי נורווגיה,7297050095678,False,salmon-fillet-frozen,no_match,meat_fish,hard negative: state fresh vs frozen
gold-00325,פילה סלמון טרי נורווגיה,7297050095678,False,ground-beef-fresh-15pct,no_match,meat_fish,hard negative: product type salmon vs ground_beef
gold-00326,פילה סלמון פרש מרקט 400 גרם,7291298078598,False,salmon-fillet-fresh,any_brand,meat_fish,critical attributes equal
gold-00326,פילה סלמון פרש מרקט 400 גרם,7291298078598,False,salmon-fillet-frozen,no_match,meat_fish,hard negative: state fresh vs frozen
gold-00326,פילה סלמון פרש מרקט 400 גרם,7291298078598,False,ground-beef-frozen-15pct,no_match,meat_fish,hard negative: product type salmon vs ground_beef
gold-00327,סלמון טרי דגי הגליל 400 גרם,7292859750179,False,salmon-fillet-fresh,any_brand,meat_fish,critical attributes equal
gold-00327,סלמון טרי דגי הגליל 400 גרם,7292859750179,False,salmon-fillet-frozen,no_match,meat_fish,hard negative: state fresh vs frozen
gold-00327,סלמון טרי דגי הגליל 400 גרם,7292859750179,False,tilapia-fillet-frozen,no_match,meat_fish,hard negative: product type salmon vs tilapia
gold-00328,פילה סלמון טרי מעדני הים 400 גרם,7298795957914,False,salmon-fillet-fresh,any_brand,meat_fish,critical attributes equal
gold-00328,פילה סלמון טרי מעדני הים 400 גרם,7298795957914,False,salmon-fillet-frozen,no_match,meat_fish,hard negative: state fresh vs frozen
gold-00328,פילה סלמון טרי מעדני הים 400 גרם,7298795957914,False,tilapia-fillet-frozen,no_match,meat_fish,hard negative: product type salmon vs tilapia
gold-00329,פילה סלמון שופרסל 400 גרם,7294785737104,False,salmon-fillet-fresh,any_brand,meat_fish,critical attributes equal
gold-00329,פילה סלמון שופרסל 400 גרם,7294785737104,False,salmon-fillet-frozen,no_match,meat_fish,hard negative: state fresh vs frozen
gold-00329,פילה סלמון שופרסל 400 גרם,7294785737104,False,ground-beef-frozen-15pct,no_match,meat_fish,hard negative: product type salmon vs ground_beef
gold-00330,"נתחי סלמון טריים פרש מרקט 1 ק""ג",7295373763328,False,salmon-fillet-fresh,any_brand,meat_fish,critical attributes equal
gold-00330,"נתחי סלמון טריים פרש מרקט 1 ק""ג",7295373763328,False,salmon-fillet-frozen,no_match,meat_fish,hard negative: state fresh vs frozen
gold-00330,"נתחי סלמון טריים פרש מרקט 1 ק""ג",7295373763328,False,ground-beef-fresh-15pct,no_match,meat_fish,hard negative: product type salmon vs ground_beef
gold-00331,"פילה סלמון טרי מעדני הים 1 ק""ג",7296035541045,False,salmon-fillet-fresh,any_brand,meat_fish,critical attributes equal
gold-00331,"פילה סלמון טרי מעדני הים 1 ק""ג",7296035541045,False,salmon-fillet-frozen,no_match,meat_fish,hard negative: state fresh vs frozen
gold-00331,"פילה סלמון טרי מעדני הים 1 ק""ג",7296035541045,False,tilapia-fillet-frozen,no_match,meat_fish,hard negative: product type salmon vs tilapia
gold-00332,פילה סלמון נורבגי טרי 400 גרם,7295318618913,False,salmon-fillet-fresh,any_brand,meat_fish,critical attributes equal
gold-00332,פילה סלמון נורבגי טרי 400 גרם,7295318618913,False,salmon-fillet-frozen,no_match,meat_fish,hard negative: state fresh vs frozen
gold-00332,פילה סלמון נורבגי טרי 400 גרם,7295318618913,False,ground-beef-fresh-15pct,no_match,meat_fish,hard negative: product type salmon vs ground_beef
gold-00333,פילה סלמון נורבגי טרי,7294166778904,False,salmon-fillet-fresh,any_brand,meat_fish,critical attributes equal
gold-00333,פילה סלמון נורבגי טרי,7294166778904,False,salmon-fillet-frozen,no_match,meat_fish,hard negative: state fresh vs frozen
gold-00333,פילה סלמון נורבגי טרי,7294166778904,False,ground-beef-frozen-15pct,no_match,meat_fish,hard negative: product type salmon vs ground_beef
gold-00334,פילה סלמון נורווגיה,7294529320113,False,salmon-fillet-fresh,any_brand,meat_fish,critical attributes equal
gold-00334,פילה סלמון נורווגיה,7294529320113,False,salmon-fillet-frozen,no_match,meat_fish,hard negative: state fresh vs frozen
gold-00334,פילה סלמון נורווגיה,7294529320113,False,chicken-breast-fresh,no_match,meat_fish,hard negative: product type salmon vs chicken_breast
gold-00335,סלמון טרי שופרסל 400 גרם,7293169571094,False,salmon-fillet-fresh,any_brand,meat_fish,critical attributes equal
gold-00335,סלמון טרי שופרסל 400 גרם,7293169571094,False,salmon-fillet-frozen,no_match,meat_fish,hard negative: state fresh vs frozen
gold-00335,סלמון טרי שופרסל 400 גרם,7293169571094,False,chicken-breast-fresh,no_match,meat_fish,hard negative: product type salmon vs chicken_breast
gold-00336,נתחי סלמון טריים דגי הגליל 400 גרם,7291559961295,False,salmon-fillet-fresh,any_brand,meat_fish,critical attributes equal
gold-00336,נתחי סלמון טריים דגי הגליל 400 גרם,7291559961295,False,salmon-fillet-frozen,no_match,meat_fish,hard negative: state fresh vs frozen
gold-00336,נתחי סלמון טריים דגי הגליל 400 גרם,7291559961295,False,ground-beef-frozen-15pct,no_match,meat_fish,hard negative: product type salmon vs ground_beef
gold-00337,נתחי סלמון טריים מעדני הים 400 גרם,7299106677325,False,salmon-fillet-fresh,any_brand,meat_fish,critical attributes equal
gold-00337,נתחי סלמון טריים מעדני הים 400 גרם,7299106677325,False,salmon-fillet-frozen,no_match,meat_fish,hard negative: state fresh vs frozen
gold-00337,נתחי סלמון טריים מעדני הים 400 גרם,7299106677325,False,tilapia-fillet-frozen,no_match,meat_fish,hard negative: product type salmon vs tilapia
gold-00338,סלמון טרי פרש מרקט 400 גרם,7291243410421,False,salmon-fillet-fresh,any_brand,meat_fish,critical attributes equal
gold-00338,סלמון טרי פרש מרקט 400 גרם,7291243410421,False,salmon-fillet-frozen,no_match,meat_fish,hard negative: state fresh vs frozen
gold-00338,סלמון טרי פרש מרקט 400 גרם,7291243410421,False,ground-beef-frozen-15pct,no_match,meat_fish,hard negative: product type salmon vs ground_beef
gold-00339,פילה סלמון מוקפא 800 גרם מעדני הים,7290000000190,False,salmon-fillet-frozen,exact,meat_fish,same barcode
gold-00339,פילה סלמון מוקפא 800 גרם מעדני הים,7290000000190,False,salmon-fillet-fresh,no_match,meat_fish,hard negative: state frozen vs fresh
gold-00339,פילה סלמון מוקפא 800 גרם מעדני הים,7290000000190,False,ground-beef-frozen-15pct,no_match,meat_fish,hard negative: product type salmon vs ground_beef
gold-00340,נתחי סלמון קפואים שופרסל 800 גרם,7290000000190,False,salmon-fillet-frozen,exact,meat_fish,same barcode
gold-00340,נתחי סלמון קפואים שופרסל 800 גרם,7290000000190,False,salmon-fillet-fresh,no_match,meat_fish,hard negative: state frozen vs fresh
gold-00340,נתחי סלמון קפואים שופרסל 800 גרם,7290000000190,False,tilapia-fillet-frozen,no_match,meat_fish,hard negative: product type salmon vs tilapia
gold-00341,"פילה סלמון קפוא פרש מרקט 1 ק""ג",7298607756177,False,salmon-fillet-frozen,any_brand,meat_fish,critical attributes equal
gold-00341,"פילה סלמון קפוא פרש מרקט 1 ק""ג",7298607756177,False,salmon-fillet-fresh,no_match,meat_fish,hard negative: state frozen vs fresh
gold-00341,"פילה סלמון קפוא פרש מרקט 1 ק""ג",7298607756177,False,ground-beef-fresh-15pct,no_match,meat_fish,hard negative: product type salmon vs ground_beef
gold-00342,פילה סלמון מוקפא 400 גרם,7290282266699,False,salmon-fillet-frozen,any_brand,meat_fish,critical attributes equal
gold-00342,פילה סלמון מוקפא 400 גרם,7290282266699,False,salmon-fillet-fresh,no_match,meat_fish,hard negative: state frozen vs fresh
gold-00342,פילה סלמון מוקפא 400 גרם,7290282266699,False,chicken-breast-frozen,no_match,meat_fish,hard negative: product type salmon vs chicken_breast
gold-00343,"נתחי סלמון קפואים דגי הגליל 1 ק""ג",7292242115543,False,salmon-fillet-frozen,any_brand,meat_fish,critical attributes equal
gold-00343,"נתחי סלמון קפואים דגי הגליל 1 ק""ג",7292242115543,False,salmon-fillet-fresh,no_match,meat_fish,hard negative: state frozen vs fresh
gold-00343,"נתחי סלמון קפואים דגי הגליל 1 ק""ג",7292242115543,False,chicken-breast-frozen,no_match,meat_fish,hard negative: product type salmon vs chicken_breast
gold-00344,פילה סלמון מוקפא 800 גרם נורווגיה,7298488474685,False,salmon-fillet-frozen,any_brand,meat_fish,critical attributes equal
gold-00344,פילה סלמון מוקפא 800 גרם נורווגיה,7298488474685,False,salmon-fillet-fresh,no_match,meat_fish,hard negative: state frozen vs fresh
gold-00344,פילה סלמון מוקפא 800 גרם נורווגיה,7298488474685,False,tilapia-fillet-frozen,no_match,meat_fish,hard negative: product type salmon vs tilapia
gold-00345,פילה סלמון מוקפא 800 גרם,7297488671047,False,salmon-fillet-frozen,any_brand,meat_fish,critical attributes equal
gold-00345,פילה סלמון מוקפא 800 גרם,7297488671047,False,salmon-fillet-fresh,no_match,meat_fish,hard negative: state frozen vs fresh
gold-00345,פילה סלמון מוקפא 800 גרם,7297488671047,False,ground-beef-fresh-15pct,no_match,meat_fish,hard negative: product type salmon vs ground_beef
gold-00346,נתחי סלמון קפואים פרש מרקט 800 גרם,7297687938263,False,salmon-fillet-frozen,any_brand,meat_fish,critical attributes equal
gold-00346,נתחי סלמון קפואים פרש מרקט 800 גרם,7297687938263,False,salmon-fillet-fresh,no_match,meat_fish,hard negative: state frozen vs fresh
gold-00346,נתחי סלמון קפואים פרש מרקט 800 גרם,7297687938263,False,chicken-breast-frozen,no_match,meat_fish,hard negative: product type salmon vs chicken_breast
gold-00347,"פילה סלמון מוקפא 1 ק""ג נורווגיה",7298698305419,False,salmon-fillet-frozen,any_brand,meat_fish,critical attributes equal
gold-00347,"פילה סלמון מוקפא 1 ק""ג נורווגיה",7298698305419,False,salmon-fillet-fresh,no_match,meat_fish,hard negative: state frozen vs fresh
gold-00347,"פילה סלמון מוקפא 1 ק""ג נורווגיה",7298698305419,False,ground-beef-frozen-15pct,no_match,meat_fish,hard negative: product type salmon vs ground_beef
gold-00348,פילה סלמון מוקפא 400 גרם נורווגיה,7296880142040,False,salmon-fillet-frozen,any_brand,meat_fish,critical attributes equal
gold-00348,פילה סלמון מוקפא 400 גרם נורווגיה,7296880142040,False,salmon-fillet-fresh,no_match,meat_fish,hard negative: state frozen vs fresh
gold-00348,פילה סלמון מוקפא 400 גרם נורווגיה,7296880142040,False,chicken-breast-frozen,no_match,meat_fish,hard negative: product type salmon vs chicken_breast
gold-00349,פילה סלמון מוקפא 400 גרם שופרסל,7298960045547,False,salmon-fillet-frozen,any_brand,meat_fish,critical attributes equal
gold-00349,פילה סלמון מוקפא 400 גרם שופרסל,7298960045547,False,salmon-fillet-fresh,no_match,meat_fish,hard negative: state frozen vs fresh
gold-00349,פילה סלמון מוקפא 400 גרם שופרסל,7298960045547,False,tilapia-fillet-frozen,no_match,meat_fish,hard negative: product type salmon vs tilapia
gold-00350,נתחי סלמון קפואים מעדני הים 800 גרם,7298924039388,False,salmon-fillet-frozen,any_brand,meat_fish,critical attributes equal
gold-00350,נתחי סלמון קפואים מעדני הים 800 גרם,7298924039388,False,salmon-fillet-fresh,no_match,meat_fish,hard negative: state frozen vs fresh
gold-00350,נתחי סלמון קפואים מעדני הים 800 גרם,7298924039388,False,chicken-breast-fresh,no_match,meat_fish,hard negative: product type salmon vs chicken_breast
gold-00351,פילה סלמון מוקפא 400 גרם דגי הגליל,7294008966188,False,salmon-fillet-frozen,any_brand,meat_fish,critical attributes equal
gold-00351,פילה סלמון מוקפא 400 גרם דגי הגליל,7294008966188,False,salmon-fillet-fresh,no_match,meat_fish,hard negative: state frozen vs fresh
gold-00351,פילה סלמון מוקפא 400 גרם דגי הגליל,7294008966188,False,ground-beef-frozen-15pct,no_match,meat_fish,hard negative: product type salmon vs ground_beef
gold-00352,פילה סלמון קפוא פרש מרקט 800 גרם,7290799189558,False,salmon-fillet-frozen,any_brand,meat_fish,critical attributes equal
gold-00352,פילה סלמון קפוא פרש מרקט 800 גרם,7290799189558,False,salmon-fillet-fresh,no_match,meat_fish,hard negative: state frozen vs fresh
gold-00352,פילה סלמון קפוא פרש מרקט 800 גרם,7290799189558,False,ground-beef-frozen-15pct,no_match,meat_fish,hard negative: product type salmon vs ground_beef
gold-00353,פילה סלמון קפוא נורווגיה 800 גרם,7291439781444,False,salmon-fillet-frozen,any_brand,meat_fish,critical attributes equal
gold-00353,פילה סלמון קפוא נורווגיה 800 גרם,7291439781444,False,salmon-fillet-fresh,no_match,meat_fish,hard negative: state frozen vs fresh
gold-00353,פילה סלמון קפוא נורווגיה 800 גרם,7291439781444,False,chicken-breast-frozen,no_match,meat_fish,hard negative: product type salmon vs chicken_breast
gold-00354,נתחי סלמון קפואים נורווגיה 800 גרם,7294586993701,False,salmon-fillet-frozen,any_brand,meat_fish,critical attributes equal
gold-00354,נתחי סלמון קפואים נורווגיה 800 גרם,7294586993701,False,salmon-fillet-fresh,no_match,meat_fish,hard negative: state frozen vs fresh
gold-00354,נתחי סלמון קפואים נורווגיה 800 גרם,7294586993701,False,tilapia-fillet-frozen,no_match,meat_fish,hard negative: product type salmon vs tilapia
gold-00355,"פילה סלמון קפוא שופרסל 1 ק""ג",7295412930268,False,salmon-fillet-frozen,any_brand,meat_fish,critical attributes equal
gold-00355,"פילה סלמון קפוא שופרסל 1 ק""ג",7295412930268,False,salmon-fillet-fresh,no_match,meat_fish,hard negative: state frozen vs fresh
gold-00355,"פילה סלמון קפוא שופרסל 1 ק""ג",7295412930268,False,ground-beef-fresh-15pct,no_match,meat_fish,hard negative: product type salmon vs ground_beef
gold-00356,סלמון קפוא נורווגיה 800 גרם,7292992553916,False,salmon-fillet-frozen,any_brand,meat_fish,critical attributes equal
gold-00356,סלמון קפוא נורווגיה 800 גרם,7292992553916,False,salmon-fillet-fresh,no_match,meat_fish,hard negative: state frozen vs fresh
gold-00356,סלמון קפוא נורווגיה 800 גרם,7292992553916,False,tilapia-fillet-frozen,no_match,meat_fish,hard negative: product type salmon vs tilapia
gold-00357,פילה סלמון מוקפא 800 גרם דגי הגליל,7298988610459,False,salmon-fillet-frozen,any_brand,meat_fish,critical attributes equal
gold-00357,פילה סלמון מוקפא 800 גרם דגי הגליל,7298988610459,False,salmon-fillet-fresh,no_match,meat_fish,hard negative: state frozen vs fresh
gold-00357,פילה סלמון מוקפא 800 גרם דגי הגליל,7298988610459,False,chicken-breast-fresh,no_match,meat_fish,hard negative: product type salmon vs chicken_breast
gold-00358,סלמון קפוא מעדני הים 800 גרם,7291418640762,False,salmon-fillet-frozen,any_brand,meat_fish,critical attributes equal
gold-00358,סלמון קפוא מעדני הים 800 גרם,7291418640762,False,salmon-fillet-fresh,no_match,meat_fish,hard negative: state frozen vs fresh
gold-00358,סלמון קפוא מעדני הים 800 גרם,7291418640762,False,chicken-breast-frozen,no_match,meat_fish,hard negative: product type salmon vs chicken_breast
gold-00359,"פילה אמנון קפוא שופרסל 1 ק""ג",7290000000200,False,tilapia-fillet-frozen,exact,meat_fish,same barcode
gold-00359,"פילה אמנון קפוא שופרסל 1 ק""ג",7290000000200,False,salmon-fillet-frozen,no_match,meat_fish,hard negative: product type tilapia vs salmon
gold-00359,"פילה אמנון קפוא שופרסל 1 ק""ג",7290000000200,False,chicken-breast-frozen,no_match,meat_fish,hard negative: product type tilapia vs chicken_breast
gold-00360,"פילה אמנון מוקפא 1 ק""ג",7290000000200,False,tilapia-fillet-frozen,exact,meat_fish,same barcode
gold-00360,"פילה אמנון מוקפא 1 ק""ג",7290000000200,False,salmon-fillet-frozen,no_match,meat_fish,hard negative: product type tilapia vs salmon
gold-00360,"פילה אמנון מוקפא 1 ק""ג",7290000000200,False,ground-beef-frozen-15pct,no_match,meat_fish,hard negative: product type tilapia vs ground_beef
gold-00361,"אמנון קפוא נורווגיה 1 ק""ג",7290756431970,False,tilapia-fillet-frozen,any_brand,meat_fish,critical attributes equal
gold-00361,"אמנון קפוא נורווגיה 1 ק""ג",7290756431970,False,salmon-fillet-frozen,no_match,meat_fish,hard negative: product type tilapia vs salmon
gold-00361,"אמנון קפוא נורווגיה 1 ק""ג",7290756431970,False,chicken-breast-frozen,no_match,meat_fish,hard negative: product type tilapia vs chicken_breast
gold-00362,פילה אמנון מוקפא 800 גרם,7297599627326,False,tilapia-fillet-frozen,any_brand,meat_fish,critical attributes equal
gold-00362,פילה אמנון מוקפא 800 גרם,7297599627326,False,salmon-fillet-frozen,no_match,meat_fish,hard negative: product type tilapia vs salmon
gold-00362,פילה אמנון מוקפא 800 גרם,7297599627326,False,ground-beef-fresh-15pct,no_match,meat_fish,hard negative: product type tilapia vs ground_beef
gold-00363,"אמנון קפוא דגי הגליל 1 ק""ג",7294178992708,False,tilapia-fillet-frozen,any_brand,meat_fish,critical attributes equal
gold-00363,"אמנון קפוא דגי הגליל 1 ק""ג",7294178992708,False,salmon-fillet-frozen,no_match,meat_fish,hard negative: product type tilapia vs salmon
gold-00363,"אמנון קפוא דגי הגליל 1 ק""ג",7294178992708,False,ground-beef-frozen-15pct,no_match,meat_fish,hard negative: product type tilapia vs ground_beef
gold-00364,"פילה אמנון קפוא פרש מרקט 1 ק""ג",7293220676716,False,tilapia-fillet-frozen,any_brand,meat_fish,critical attributes equal
gold-00364,"פילה אמנון קפוא פרש מרקט 1 ק""ג",7293220676716,False,salmon-fillet-frozen,no_match,meat_fish,hard negative: product type tilapia vs salmon
gold-00364,"פילה אמנון קפוא פרש מרקט 1 ק""ג",7293220676716,False,chicken-breast-frozen,no_match,meat_fish,hard negative: product type tilapia vs chicken_breast
gold-00365,"פילה אמנון קפוא מעדני הים 1 ק""ג",7296680114489,False,tilapia-fillet-frozen,any_brand,meat_fish,critical attributes equal
gold-00365,"פילה אמנון קפוא מעדני הים 1 ק""ג",7296680114489,False,salmon-fillet-frozen,no_match,meat_fish,hard negative: product type tilapia vs salmon
gold-00365,"פילה אמנון קפוא מעדני הים 1 ק""ג",7296680114489,False,chicken-breast-frozen,no_match,meat_fish,hard negative: product type tilapia vs chicken_breast
gold-00366,פילה אמנון קפוא מעדני הים 800 גרם,7292103325597,False,tilapia-fillet-frozen,any_brand,meat_fish,critical attributes equal
gold-00366,פילה אמנון קפוא מעדני הים 800 גרם,7292103325597,False,salmon-fillet-frozen,no_match,meat_fish,hard negative: product type tilapia vs salmon
gold-00366,פילה אמנון קפוא מעדני הים 800 גרם,7292103325597,False,chicken-breast-fresh,no_match,meat_fish,hard negative: product type tilapia vs chicken_breast
gold-00367,"אמנון קפוא פרש מרקט 1 ק""ג",7294281791128,False,tilapia-fillet-frozen,any_brand,meat_fish,critical attributes equal
gold-00367,"אמנון קפוא פרש מרקט 1 ק""ג",7294281791128,False,salmon-fillet-frozen,no_match,meat_fish,hard negative: product type tilapia vs salmon
gold-00367,"אמנון קפוא פרש מרקט 1 ק""ג",7294281791128,False,ground-beef-fresh-15pct,no_match,meat_fish,hard negative: product type tilapia vs ground_beef
gold-00368,"פילה אמנון קפוא דגי הגליל 1 ק""ג",7297765375225,False,tilapia-fillet-frozen,any_brand,meat_fish,critical attributes equal
gold-00368,"פילה אמנון קפוא דגי הגליל 1 ק""ג",7297765375225,False,salmon-fillet-frozen,no_match,meat_fish,hard negative: product type tilapia vs salmon
gold-00368,"פילה אמנון קפוא דגי הגליל 1 ק""ג",7297765375225,False,ground-beef-fresh-15pct,no_match,meat_fish,hard negative: product type tilapia vs ground_beef
gold-00369,אמנון קפוא פרש מרקט 800 גרם,7295161124617,False,tilapia-fillet-frozen,any_brand,meat_fish,critical attributes equal
gold-00369,אמנון קפוא פרש מרקט 800 גרם,7295161124617,False,salmon-fillet-frozen,no_match,meat_fish,hard negative: product type tilapia vs salmon
gold-00369,אמנון קפוא פרש מרקט 800 גרם,7295161124617,False,ground-beef-fresh-15pct,no_match,meat_fish,hard negative: product type tilapia vs ground_beef
gold-00370,"אמנון קפוא שופרסל 1 ק""ג",7297564985748,False,tilapia-fillet-frozen,any_brand,meat_fish,critical attributes equal
gold-00370,"אמנון קפוא שופרסל 1 ק""ג",7297564985748,False,salmon-fillet-frozen,no_match,meat_fish,hard negative: product type tilapia vs salmon
gold-00370,"אמנון קפוא שופרסל 1 ק""ג",7297564985748,False,salmon-fillet-fresh,no_match,meat_fish,hard negative: product type tilapia vs salmon
gold-00371,"פילה עוף טרי זוגלובק 1 ק""ג",7290000000210,False,chicken-breast-fresh,exact,meat_fish,same barcode
gold-00371,"פילה עוף טרי זוגלובק 1 ק""ג",7290000000210,False,chicken-breast-frozen,no_match,meat_fish,hard negative: state fresh vs frozen
gold-00371,"פילה עוף טרי זוגלובק 1 ק""ג",7290000000210,False,ground-beef-fresh-15pct,no_match,meat_fish,hard negative: product type chicken_breast vs ground_beef
gold-00372,"שניצל עוף טרי שופרסל 1 ק""ג",7290000000210,False,chicken-breast-fresh,exact,meat_fish,same barcode
gold-00372,"שניצל עוף טרי שופרסל 1 ק""ג",7290000000210,False,chicken-breast-frozen,no_match,meat_fish,hard negative: state fresh vs frozen
gold-00372,"שניצל עוף טרי שופרסל 1 ק""ג",7290000000210,False,ground-beef-fresh-15pct,no_match,meat_fish,hard negative: product type chicken_breast vs ground_beef
gold-00373,"שניצל עוף טרי מאמא עוף 1 ק""ג",7293143892538,False,chicken-breast-fresh,any_brand,meat_fish,critical attributes equal
gold-00373,"שניצל עוף טרי מאמא עוף 1 ק""ג",7293143892538,False,chicken-breast-frozen,no_match,meat_fish,hard negative: state fresh vs frozen
gold-00373,"שניצל עוף טרי מאמא עוף 1 ק""ג",7293143892538,False,tilapia-fillet-frozen,no_match,meat_fish,hard negative: product type chicken_breast vs tilapia
gold-00374,חזה עוף טרי יוחננוף 500 גרם,7293301112925,False,chicken-breast-fresh,any_brand,meat_fish,critical attributes equal
gold-00374,חזה עוף טרי יוחננוף 500 גרם,7293301112925,False,chicken-breast-frozen,no_match,meat_fish,hard negative: state fresh vs frozen
gold-00374,חזה עוף טרי יוחננוף 500 גרם,7293301112925,False,salmon-fillet-fresh,no_match,meat_fish,hard negative: product type chicken_breast vs salmon
gold-00375,"חזה עוף טרי שופרסל 1 ק""ג",7297469504910,False,chicken-breast-fresh,any_brand,meat_fish,critical attributes equal
gold-00375,"חזה עוף טרי שופרסל 1 ק""ג",7297469504910,False,chicken-breast-frozen,no_match,meat_fish,hard negative: state fresh vs frozen
gold-00375,"חזה עוף טרי שופרסל 1 ק""ג",7297469504910,False,salmon-fillet-frozen,no_match,meat_fish,hard negative: product type chicken_breast vs salmon
gold-00376,"פילה עוף טרי עוף טוב 1 ק""ג",7295762685483,False,chicken-breast-fresh,any_brand,meat_fish,critical attributes equal
gold-00376,"פילה עוף טרי עוף טוב 1 ק""ג",7295762685483,False,chicken-breast-frozen,no_match,meat_fish,hard negative: state fresh vs frozen
gold-00376,"פילה עוף טרי עוף טוב 1 ק""ג",7295762685483,False,tilapia-fillet-frozen,no_match,meat_fish,hard negative: product type chicken_breast vs tilapia
gold-00377,"חזה עוף טרי מאמא עוף 1 ק""ג",7295097226114,False,chicken-breast-fresh,any_brand,meat_fish,critical attributes equal
gold-00377,"חזה עוף טרי מאמא עוף 1 ק""ג",7295097226114,False,chicken-breast-frozen,no_match,meat_fish,hard negative: state fresh vs frozen
gold-00377,"חזה עוף טרי מאמא עוף 1 ק""ג",7295097226114,False,ground-beef-frozen-15pct,no_match,meat_fish,hard negative: product type chicken_breast vs ground_beef
gold-00378,"פילה עוף טרי מאמא עוף 1 ק""ג",7294388526033,False,chicken-breast-fresh,any_brand,meat_fish,critical attributes equal
gold-00378,"פילה עוף טרי מאמא עוף 1 ק""ג",7294388526033,False,chicken-breast-frozen,no_match,meat_fish,hard negative: state fresh vs frozen
gold-00378,"פילה עוף טרי מאמא עוף 1 ק""ג",7294388526033,False,ground-beef-fresh-15pct,no_match,meat_fish,hard negative: product type chicken_breast vs ground_beef
gold-00379,"פילה עוף טרי יוחננוף 1 ק""ג",7293383119133,False,chicken-breast-fresh,any_brand,meat_fish,critical attributes equal
gold-00379,"פילה עוף טרי יוחננוף 1 ק""ג",7293383119133,False,chicken-breast-frozen,no_match,meat_fish,hard negative: state fresh vs frozen
gold-00379,"פילה עוף טרי יוחננוף 1 ק""ג",7293383119133,False,ground-beef-fresh-15pct,no_match,meat_fish,hard negative: product type chicken_breast vs ground_beef
gold-00380,"חזה עוף טרי בטרש 1 ק""ג",7298286905167,False,chicken-breast-fresh,any_brand,meat_fish,critical attributes equal
gold-00380,"חזה עוף טרי בטרש 1 ק""ג",7298286905167,False,chicken-breast-frozen,no_match,meat_fish,hard negative: state fresh vs frozen
gold-00380,"חזה עוף טרי בטרש 1 ק""ג",7298286905167,False,ground-beef-frozen-15pct,no_match,meat_fish,hard negative: product type chicken_breast vs ground_beef
gold-00381,"חזה עוף טרי יוחננוף 1 ק""ג",7295465985011,False,chicken-breast-fresh,any_brand,meat_fish,critical attributes equal
gold-00381,"חזה עוף טרי יוחננוף 1 ק""ג",7295465985011,False,chicken-breast-frozen,no_match,meat_fish,hard negative: state fresh vs frozen
gold-00381,"חזה עוף טרי יוחננוף 1 ק""ג",7295465985011,False,ground-beef-frozen-15pct,no_match,meat_fish,hard negative: product type chicken_breast vs ground_beef
gold-00382,"שניצל עוף טרי עוף טוב 1 ק""ג",7296368859096,False,chicken-breast-fresh,any_brand,meat_fish,critical attributes equal
gold-00382,"שניצל עוף טרי עוף טוב 1 ק""ג",7296368859096,False,chicken-breast-frozen,no_match,meat_fish,hard negative: state fresh vs frozen
gold-00382,"שניצל עוף טרי עוף טוב 1 ק""ג",7296368859096,False,ground-beef-fresh-15pct,no_match,meat_fish,hard negative: product type chicken_breast vs ground_beef
gold-00383,פילה עוף טרי יוחננוף 500 גרם,7298101626423,False,chicken-breast-fresh,any_brand,meat_fish,critical attributes equal
gold-00383,פילה עוף טרי יוחננוף 500 גרם,7298101626423,False,chicken-breast-frozen,no_match,meat_fish,hard negative: state fresh vs frozen
gold-00383,פילה עוף טרי יוחננוף 500 גרם,7298101626423,False,ground-beef-fresh-15pct,no_match,meat_fish,hard negative: product type chicken_breast vs ground_beef
gold-00384,"שניצל עוף טרי זוגלובק 1 ק""ג",7298090362798,False,chicken-breast-fresh,any_brand,meat_fish,critical attributes equal
gold-00384,"שניצל עוף טרי זוגלובק 1 ק""ג",7298090362798,False,chicken-breast-frozen,no_match,meat_fish,hard negative: state fresh vs frozen
gold-00384,"שניצל עוף טרי זוגלובק 1 ק""ג",7298090362798,False,salmon-fillet-frozen,no_match,meat_fish,hard negative: product type chicken_breast vs salmon
gold-00385,"שניצל עוף טרי יוחננוף 1 ק""ג",7297608827983,False,chicken-breast-fresh,any_brand,meat_fish,critical attributes equal
gold-00385,"שניצל עוף טרי יוחננוף 1 ק""ג",7297608827983,False,chicken-breast-frozen,no_match,meat_fish,hard negative: state fresh vs frozen
gold-00385,"שניצל עוף טרי יוחננוף 1 ק""ג",7297608827983,False,salmon-fillet-fresh,no_match,meat_fish,hard negative: product type chicken_breast vs salmon
gold-00386,שניצל עוף טרי עוף טוב 500 גרם,7298453329177,False,chicken-breast-fresh,any_brand,meat_fish,critical attributes equal
gold-00386,שניצל עוף טרי עוף טוב 500 גרם,7298453329177,False,chicken-breast-frozen,no_match,meat_fish,hard negative: state fresh vs frozen
gold-00386,שניצל עוף טרי עוף טוב 500 גרם,7298453329177,False,ground-beef-frozen-15pct,no_match,meat_fish,hard negative: product type chicken_breast vs ground_beef
gold-00387,"חזה עוף טרי עוף טוב 1 ק""ג",7294946358125,False,chicken-breast-fresh,any_brand,meat_fish,critical attributes equal
gold-00387,"חזה עוף טרי עוף טוב 1 ק""ג",7294946358125,False,chicken-breast-frozen,no_match,meat_fish,hard negative: state fresh vs frozen
gold-00387,"חזה עוף טרי עוף טוב 1 ק""ג",7294946358125,False,tilapia-fillet-frozen,no_match,meat_fish,hard negative: product type chicken_breast vs tilapia
gold-00388,"חזה עוף טרי זוגלובק 1 ק""ג",7293498852432,False,chicken-breast-fresh,any_brand,meat_fish,critical attributes equal
gold-00388,"חזה עוף טרי זוגלובק 1 ק""ג",7293498852432,False,chicken-breast-frozen,no_match,meat_fish,hard negative: state fresh vs frozen
gold-00388,"חזה עוף טרי זוגלובק 1 ק""ג",7293498852432,False,ground-beef-frozen-15pct,no_match,meat_fish,hard negative: product type chicken_breast vs ground_beef
gold-00389,"חזה עוף קפוא שופרסל 1 ק""ג",7290000000220,False,chicken-breast-frozen,exact,meat_fish,same barcode
gold-00389,"חזה עוף קפוא שופרסל 1 ק""ג",7290000000220,False,chicken-breast-fresh,no_match,meat_fish,hard negative: state frozen vs fresh
gold-00389,"חזה עוף קפוא שופרסל 1 ק""ג",7290000000220,False,tilapia-fillet-frozen,no_match,meat_fish,hard negative: product type chicken_breast vs tilapia
gold-00390,"חזה עוף מוקפא 1 ק""ג מאמא עוף",7290000000220,False,chicken-breast-frozen,exact,meat_fish,same barcode
gold-00390,"חזה עוף מוקפא 1 ק""ג מאמא עוף",7290000000220,False,chicken-breast-fresh,no_match,meat_fish,hard negative: state frozen vs fresh
gold-00390,"חזה עוף מוקפא 1 ק""ג מאמא עוף",7290000000220,False,ground-beef-frozen-15pct,no_match,meat_fish,hard negative: product type chicken_breast vs ground_beef
gold-00391,"חזה עוף קפוא יוחננוף 1 ק""ג",7296721967346,False,chicken-breast-frozen,any_brand,meat_fish,critical attributes equal
gold-00391,"חזה עוף קפוא יוחננוף 1 ק""ג",7296721967346,False,chicken-breast-fresh,no_match,meat_fish,hard negative: state frozen vs fresh
gold-00391,"חזה עוף קפוא יוחננוף 1 ק""ג",7296721967346,False,ground-beef-fresh-15pct,no_match,meat_fish,hard negative: product type chicken_breast vs ground_beef
gold-00392,"פילה עוף קפוא עוף טוב 1 ק""ג",7290728344731,False,chicken-breast-frozen,any_brand,meat_fish,critical attributes equal
gold-00392,"פילה עוף קפוא עוף טוב 1 ק""ג",7290728344731,False,chicken-breast-fresh,no_match,meat_fish,hard negative: state frozen vs fresh
gold-00392,"פילה עוף קפוא עוף טוב 1 ק""ג",7290728344731,False,salmon-fillet-frozen,no_match,meat_fish,hard negative: product type chicken_breast vs salmon
gold-00393,"חזה עוף קפוא 2 ק""ג",7293683391398,False,chicken-breast-frozen,any_brand,meat_fish,critical attributes equal
gold-00393,"חזה עוף קפוא 2 ק""ג",7293683391398,False,chicken-breast-fresh,no_match,meat_fish,hard negative: state frozen vs fresh
gold-00393,"חזה עוף קפוא 2 ק""ג",7293683391398,False,salmon-fillet-fresh,no_match,meat_fish,hard negative: product type chicken_breast vs salmon
gold-00394,"חזה עוף מוקפא 1 ק""ג",7291770687378,False,chicken-breast-frozen,any_brand,meat_fish,critical attributes equal
gold-00394,"חזה עוף מוקפא 1 ק""ג",7291770687378,False,chicken-breast-fresh,no_match,meat_fish,hard negative: state frozen vs fresh
gold-00394,"חזה עוף מוקפא 1 ק""ג",7291770687378,False,salmon-fillet-fresh,no_match,meat_fish,hard negative: product type chicken_breast vs salmon
gold-00395,"חזה עוף קפוא 1 ק""ג",7298629069504,False,chicken-breast-frozen,any_brand,meat_fish,critical attributes equal
gold-00395,"חזה עוף קפוא 1 ק""ג",7298629069504,False,chicken-breast-fresh,no_match,meat_fish,hard negative: state frozen vs fresh
gold-00395,"חזה עוף קפוא 1 ק""ג",7298629069504,False,ground-beef-frozen-15pct,no_match,meat_fish,hard negative: product type chicken_breast vs ground_beef
gold-00396,"פילה עוף קפוא מאמא עוף 1 ק""ג",7297236376471,False,chicken-breast-frozen,any_brand,meat_fish,critical attributes equal
gold-00396,"פילה עוף קפוא מאמא עוף 1 ק""ג",7297236376471,False,chicken-breast-fresh,no_match,meat_fish,hard negative: state frozen vs fresh
gold-00396,"פילה עוף קפוא מאמא עוף 1 ק""ג",7297236376471,False,salmon-fillet-frozen,no_match,meat_fish,hard negative: product type chicken_breast vs salmon
gold-00397,"פילה עוף קפוא שופרסל 1 ק""ג",7296158223745,False,chicken-breast-frozen,any_brand,meat_fish,critical attributes equal
gold-00397,"פילה עוף קפוא שופרסל 1 ק""ג",7296158223745,False,chicken-breast-fresh,no_match,meat_fish,hard negative: state frozen vs fresh
gold-00397,"פילה עוף קפוא שופרסל 1 ק""ג",7296158223745,False,tilapia-fillet-frozen,no_match,meat_fish,hard negative: product type chicken_breast vs tilapia
gold-00398,"חזה עוף קפוא עוף טוב 1 ק""ג",7290884181184,False,chicken-breast-frozen,any_brand,meat_fish,critical attributes equal
gold-00398,"חזה עוף קפוא עוף טוב 1 ק""ג",7290884181184,False,chicken-breast-fresh,no_match,meat_fish,hard negative: state frozen vs fresh
gold-00398,"חזה עוף קפוא עוף טוב 1 ק""ג",7290884181184,False,salmon-fillet-fresh,no_match,meat_fish,hard negative: product type chicken_breast vs salmon
gold-00399,"חזה עוף מוקפא 2 ק""ג עוף טוב",7290625426525,False,chicken-breast-frozen,any_brand,meat_fish,critical attributes equal
gold-00399,"חזה עוף מוקפא 2 ק""ג עוף טוב",7290625426525,False,chicken-breast-fresh,no_match,meat_fish,hard negative: state frozen vs fresh
gold-00399,"חזה עוף מוקפא 2 ק""ג עוף טוב",7290625426525,False,ground-beef-frozen-15pct,no_match,meat_fish,hard negative: product type chicken_breast vs ground_beef
gold-00400,"חזה עוף מוקפא 1 ק""ג עוף טוב",7295518633749,False,chicken-breast-frozen,any_brand,meat_fish,critical attributes equal
gold-00400,"חזה עוף מוקפא 1 ק""ג עוף טוב",7295518633749,False,chicken-breast-fresh,no_match,meat_fish,hard negative: state frozen vs fresh
gold-00400,"חזה עוף מוקפא 1 ק""ג עוף טוב",7295518633749,False,tilapia-fillet-frozen,no_match,meat_fish,hard negative: product type chicken_breast vs tilapia
gold-00401,"חזה עוף קפוא מאמא עוף 2 ק""ג",7292368777007,False,chicken-breast-frozen,any_brand,meat_fish,critical attributes equal
gold-00401,"חזה עוף קפוא מאמא עוף 2 ק""ג",7292368777007,False,chicken-breast-fresh,no_match,meat_fish,hard negative: state frozen vs fresh
gold-00401,"חזה עוף קפוא מאמא עוף 2 ק""ג",7292368777007,False,tilapia-fillet-frozen,no_match,meat_fish,hard negative: product type chicken_breast vs tilapia
gold-00402,"חזה עוף קפוא שופרסל 2 ק""ג",7291236294492,False,chicken-breast-frozen,any_brand,meat_fish,critical attributes equal
gold-00402,"חזה עוף קפוא שופרסל 2 ק""ג",7291236294492,False,chicken-breast-fresh,no_match,meat_fish,hard negative: state frozen vs fresh
gold-00402,"חזה עוף קפוא שופרסל 2 ק""ג",7291236294492,False,ground-beef-fresh-15pct,no_match,meat_fish,hard negative: product type chicken_breast vs ground_beef
gold-00403,"חזה עוף קפוא מאמא עוף 1 ק""ג",7290427164567,False,chicken-breast-frozen,any_brand,meat_fish,critical attributes equal
gold-00403,"חזה עוף קפוא מאמא עוף 1 ק""ג",7290427164567,False,chicken-breast-fresh,no_match,meat_fish,hard negative: state frozen vs fresh
gold-00403,"חזה עוף קפוא מאמא עוף 1 ק""ג",7290427164567,False,ground-beef-frozen-15pct,no_match,meat_fish,hard negative: product type chicken_breast vs ground_beef
gold-00404,"פילה עוף קפוא 1 ק""ג",7299910560961,False,chicken-breast-frozen,any_brand,meat_fish,critical attributes equal
gold-00404,"פילה עוף קפוא 1 ק""ג",7299910560961,False,chicken-breast-fresh,no_match,meat_fish,hard negative: state frozen vs fresh
gold-00404,"פילה עוף קפוא 1 ק""ג",7299910560961,False,salmon-fillet-fresh,no_match,meat_fish,hard negative: product type chicken_breast vs salmon
gold-00405,בקר טחון טרי 15% שומן 500 גרם,7290000000230,False,ground-beef-fresh-15pct,exact,meat_fish,same barcode
gold-00405,בקר טחון טרי 15% שומן 500 גרם,7290000000230,False,ground-beef-frozen-15pct,no_match,meat_fish,hard negative: state fresh vs frozen
gold-00405,בקר טחון טרי 15% שומן 500 גרם,7290000000230,False,salmon-fillet-frozen,no_match,meat_fish,hard negative: product type ground_beef vs salmon
gold-00406,"בקר טחון טרי 15% שומן 1 ק""ג",7292866258740,False,ground-beef-fresh-15pct,any_brand,meat_fish,critical attributes equal
gold-00406,"בקר טחון טרי 15% שומן 1 ק""ג",7292866258740,False,ground-beef-frozen-15pct,no_match,meat_fish,hard negative: state fresh vs frozen
gold-00406,"בקר טחון טרי 15% שומן 1 ק""ג",7292866258740,False,salmon-fillet-fresh,no_match,meat_fish,hard negative: product type ground_beef vs salmon
gold-00407,"בשר טחון טרי 15% טיב טעם 1 ק""ג",7298041826739,False,ground-beef-fresh-15pct,any_brand,meat_fish,critical attributes equal
gold-00407,"בשר טחון טרי 15% טיב טעם 1 ק""ג",7298041826739,False,ground-beef-frozen-15pct,no_match,meat_fish,hard negative: state fresh vs frozen
gold-00407,"בשר טחון טרי 15% טיב טעם 1 ק""ג",7298041826739,False,salmon-fillet-fresh,no_match,meat_fish,hard negative: product type ground_beef vs salmon
gold-00408,בשר טחון טרי 15% טיב טעם 500 גרם,7290000000230,False,ground-beef-fresh-15pct,exact,meat_fish,same barcode
gold-00408,בשר טחון טרי 15% טיב טעם 500 גרם,7290000000230,False,ground-beef-frozen-15pct,no_match,meat_fish,hard negative: state fresh vs frozen
gold-00408,בשר טחון טרי 15% טיב טעם 500 גרם,7290000000230,False,chicken-breast-frozen,no_match,meat_fish,hard negative: product type ground_beef vs chicken_breast
gold-00409,בשר בקר טחון טרי 15% 500 גרם,7291076193648,False,ground-beef-fresh-15pct,any_brand,meat_fish,critical attributes equal
gold-00409,בשר בקר טחון טרי 15% 500 גרם,7291076193648,False,ground-beef-frozen-15pct,no_match,meat_fish,hard negative: state fresh vs frozen
gold-00409,בשר בקר טחון טרי 15% 500 גרם,7291076193648,False,salmon-fillet-fresh,no_match,meat_fish,hard negative: product type ground_beef vs salmon
gold-00410,בשר בקר טחון טרי 15% טיב טעם 500 גרם,7298451694959,False,ground-beef-fresh-15pct,any_brand,meat_fish,critical attributes equal
gold-00410,בשר בקר טחון טרי 15% טיב טעם 500 גרם,7298451694959,False,ground-beef-frozen-15pct,no_match,meat_fish,hard negative: state fresh vs frozen
gold-00410,בשר בקר טחון טרי 15% טיב טעם 500 גרם,7298451694959,False,tilapia-fillet-frozen,no_match,meat_fish,hard negative: product type ground_beef vs tilapia
gold-00411,"בשר בקר טחון טרי 15% 1 ק""ג",7292639313781,False,ground-beef-fresh-15pct,any_brand,meat_fish,critical attributes equal
gold-00411,"בשר בקר טחון טרי 15% 1 ק""ג",7292639313781,False,ground-beef-frozen-15pct,no_match,meat_fish,hard negative: state fresh vs frozen
gold-00411,"בשר בקר טחון טרי 15% 1 ק""ג",7292639313781,False,salmon-fillet-fresh,no_match,meat_fish,hard negative: product type ground_beef vs salmon
gold-00412,בשר בקר טחון טרי 15% אדום אדום 500 גרם,7299152583652,False,ground-beef-fresh-15pct,any_brand,meat_fish,critical attributes equal
gold-00412,בשר בקר טחון טרי 15% אדום אדום 500 גרם,7299152583652,False,ground-beef-frozen-15pct,no_match,meat_fish,hard negative: state fresh vs frozen
gold-00412,בשר בקר טחון טרי 15% אדום אדום 500 גרם,7299152583652,False,salmon-fillet-fresh,no_match,meat_fish,hard negative: product type ground_beef vs salmon
gold-00413,"בשר טחון טרי 15% 1 ק""ג",7292043056775,False,ground-beef-fresh-15pct,any_brand,meat_fish,critical attributes equal
gold-00413,"בשר טחון טרי 15% 1 ק""ג",7292043056775,False,ground-beef-frozen-15pct,no_match,meat_fish,hard negative: state fresh vs frozen
gold-00413,"בשר טחון טרי 15% 1 ק""ג",7292043056775,False,tilapia-fillet-frozen,no_match,meat_fish,hard negative: product type ground_beef vs tilapia
gold-00414,בשר בקר טחון טרי 15% שופרסל 500 גרם,7292207684545,False,ground-beef-fresh-15pct,any_brand,meat_fish,critical attributes equal
gold-00414,בשר בקר טחון טרי 15% שופרסל 500 גרם,7292207684545,False,ground-beef-frozen-15pct,no_match,meat_fish,hard negative: state fresh vs frozen
gold-00414,בשר בקר טחון טרי 15% שופרסל 500 גרם,7292207684545,False,tilapia-fillet-frozen,no_match,meat_fish,hard negative: product type ground_beef vs tilapia
gold-00415,בשר טחון טרי 15% 500 גרם,7296247350061,False,ground-beef-fresh-15pct,any_brand,meat_fish,critical attributes equal
gold-00415,בשר טחון טרי 15% 500 גרם,7296247350061,False,ground-beef-frozen-15pct,no_match,meat_fish,hard negative: state fresh vs frozen
gold-00415,בשר טחון טרי 15% 500 גרם,7296247350061,False,chicken-breast-fresh,no_match,meat_fish,hard negative: product type ground_beef vs chicken_breast
gold-00416,בשר טחון טרי 15% שופרסל 500 גרם,7290820392635,False,ground-beef-fresh-15pct,any_brand,meat_fish,critical attributes equal
gold-00416,בשר טחון טרי 15% שופרסל 500 גרם,7290820392635,False,ground-beef-frozen-15pct,no_match,meat_fish,hard negative: state fresh vs frozen
gold-00416,בשר טחון טרי 15% שופרסל 500 גרם,7290820392635,False,tilapia-fillet-frozen,no_match,meat_fish,hard negative: product type ground_beef vs tilapia
gold-00417,בקר טחון קפוא 15% 500 גרם,7290000000240,False,ground-beef-frozen-15pct,exact,meat_fish,same barcode
gold-00417,בקר טחון קפוא 15% 500 גרם,7290000000240,False,ground-beef-fresh-15pct,no_match,meat_fish,hard negative: state frozen vs fresh
gold-00417,בקר טחון קפוא 15% 500 גרם,7290000000240,False,salmon-fillet-fresh,no_match,meat_fish,hard negative: product type ground_beef vs salmon
gold-00418,בשר טחון קפוא 15% 500 גרם,7290000000240,False,ground-beef-frozen-15pct,exact,meat_fish,same barcode
gold-00418,בשר טחון קפוא 15% 500 גרם,7290000000240,False,ground-beef-fresh-15pct,no_match,meat_fish,hard negative: state frozen vs fresh
gold-00418,בשר טחון קפוא 15% 500 גרם,7290000000240,False,chicken-breast-fresh,no_match,meat_fish,hard negative: product type ground_beef vs chicken_breast
gold-00419,"בשר בקר טחון מוקפא 15% אדום אדום 1 ק""ג",7290971166072,False,ground-beef-frozen-15pct,any_brand,meat_fish,critical attributes equal
gold-00419,"בשר בקר טחון מוקפא 15% אדום אדום 1 ק""ג",7290971166072,False,ground-beef-fresh-15pct,no_match,meat_fish,hard negative: state frozen vs fresh
gold-00419,"בשר בקר טחון מוקפא 15% אדום אדום 1 ק""ג",7290971166072,False,salmon-fillet-fresh,no_match,meat_fish,hard negative: product type ground_beef vs salmon
gold-00420,בשר בקר טחון מוקפא 15% סוגת 500 גרם,7291195868373,False,ground-beef-frozen-15pct,any_brand,meat_fish,critical attributes equal
gold-00420,בשר בקר טחון מוקפא 15% סוגת 500 גרם,7291195868373,False,ground-beef-fresh-15pct,no_match,meat_fish,hard negative: state frozen vs fresh
gold-00420,בשר בקר טחון מוקפא 15% סוגת 500 גרם,7291195868373,False,salmon-fillet-fresh,no_match,meat_fish,hard negative: product type ground_beef vs salmon
gold-00421,בשר טחון קפוא 15% שופרסל 500 גרם,7294963029559,False,ground-beef-frozen-15pct,any_brand,meat_fish,critical attributes equal
gold-00421,בשר טחון קפוא 15% שופרסל 500 גרם,7294963029559,False,ground-beef-fresh-15pct,no_match,meat_fish,hard negative: state frozen vs fresh
gold-00421,בשר טחון קפוא 15% שופרסל 500 גרם,7294963029559,False,chicken-breast-frozen,no_match,meat_fish,hard negative: product type ground_beef vs chicken_breast
gold-00422,בשר טחון קפוא 15% סוגת 500 גרם,7299937595345,False,ground-beef-frozen-15pct,any_brand,meat_fish,critical attributes equal
gold-00422,בשר טחון קפוא 15% סוגת 500 גרם,7299937595345,False,ground-beef-fresh-15pct,no_match,meat_fish,hard negative: state frozen vs fresh
gold-00422,בשר טחון קפוא 15% סוגת 500 גרם,7299937595345,False,tilapia-fillet-frozen,no_match,meat_fish,hard negative: product type ground_beef vs tilapia
gold-00423,בשר בקר טחון מוקפא 15% אדום אדום 500 גרם,7292955102448,False,ground-beef-frozen-15pct,any_brand,meat_fish,critical attributes equal
gold-00423,בשר בקר טחון מוקפא 15% אדום אדום 500 גרם,7292955102448,False,ground-beef-fresh-15pct,no_match,meat_fish,hard negative: state frozen vs fresh
gold-00423,בשר בקר טחון מוקפא 15% אדום אדום 500 גרם,7292955102448,False,salmon-fillet-fresh,no_match,meat_fish,hard negative: product type ground_beef vs salmon
gold-00424,בשר בקר טחון מוקפא 15% שופרסל 500 גרם,7298343740669,False,ground-beef-frozen-15pct,any_brand,meat_fish,critical attributes equal
gold-00424,בשר בקר טחון מוקפא 15% שופרסל 500 גרם,7298343740669,False,ground-beef-fresh-15pct,no_match,meat_fish,hard negative: state frozen vs fresh
gold-00424,בשר בקר טחון מוקפא 15% שופרסל 500 גרם,7298343740669,False,chicken-breast-frozen,no_match,meat_fish,hard negative: product type ground_beef vs chicken_breast
gold-00425,בשר טחון קפוא 15% יוחננוף 500 גרם,7296598562515,False,ground-beef-frozen-15pct,any_brand,meat_fish,critical attributes equal
gold-00425,בשר טחון קפוא 15% יוחננוף 500 גרם,7296598562515,False,ground-beef-fresh-15pct,no_match,meat_fish,hard negative: state frozen vs fresh
gold-00425,בשר טחון קפוא 15% יוחננוף 500 גרם,7296598562515,False,salmon-fillet-frozen,no_match,meat_fish,hard negative: product type ground_beef vs salmon
gold-00426,"בשר בקר טחון מוקפא 15% שופרסל 1 ק""ג",7291858942451,False,ground-beef-frozen-15pct,any_brand,meat_fish,critical attributes equal
gold-00426,"בשר בקר טחון מוקפא 15% שופרסל 1 ק""ג",7291858942451,False,ground-beef-fresh-15pct,no_match,meat_fish,hard negative: state frozen vs fresh
gold-00426,"בשר בקר טחון מוקפא 15% שופרסל 1 ק""ג",7291858942451,False,chicken-breast-frozen,no_match,meat_fish,hard negative: product type ground_beef vs chicken_breast
gold-00427,בשר טחון קפוא 15% אדום אדום 500 גרם,7291308547199,False,ground-beef-frozen-15pct,any_brand,meat_fish,critical attributes equal
gold-00427,בשר טחון קפוא 15% אדום אדום 500 גרם,7291308547199,False,ground-beef-fresh-15pct,no_match,meat_fish,hard negative: state frozen vs fresh
gold-00427,בשר טחון קפוא 15% אדום אדום 500 גרם,7291308547199,False,salmon-fillet-frozen,no_match,meat_fish,hard negative: product type ground_beef vs salmon
gold-00428,"בשר טחון קפוא 15% שופרסל 1 ק""ג",7294160342678,False,ground-beef-frozen-15pct,any_brand,meat_fish,critical attributes equal
gold-00428,"בשר טחון קפוא 15% שופרסל 1 ק""ג",7294160342678,False,ground-beef-fresh-15pct,no_match,meat_fish,hard negative: state frozen vs fresh
gold-00428,"בשר טחון קפוא 15% שופרסל 1 ק""ג",7294160342678,False,chicken-breast-frozen,no_match,meat_fish,hard negative: product type ground_beef vs chicken_breast
gold-00429,"עגבניה לק""ג אורגני",7294510529736,True,tomato,any_brand,produce,critical attributes equal
gold-00429,"עגבניה לק""ג אורגני",7294510529736,True,cherry-tomato,no_match,produce,hard negative: product type tomato vs cherry_tomato
gold-00429,"עגבניה לק""ג אורגני",7294510529736,True,potato,no_match,produce,hard negative: product type tomato vs potato
gold-00430,"עגבניה לק""ג ארוז",7291936821075,True,tomato,any_brand,produce,critical attributes equal
gold-00430,"עגבניה לק""ג ארוז",7291936821075,True,cherry-tomato,no_match,produce,hard negative: product type tomato vs cherry_tomato
gold-00430,"עגבניה לק""ג ארוז",7291936821075,True,potato,no_match,produce,hard negative: product type tomato vs potato
gold-00431,עגבניה ארוז,7293878835186,True,tomato,any_brand,produce,critical attributes equal
gold-00431,עגבניה ארוז,7293878835186,True,cherry-tomato,no_match,produce,hard negative: product type tomato vs cherry_tomato
gold-00431,עגבניה ארוז,7293878835186,True,onion,no_match,produce,hard negative: product type tomato vs onion
gold-00432,עגבניות במשקל,7298493484355,True,tomato,any_brand,produce,critical attributes equal
gold-00432,עגבניות במשקל,7298493484355,True,cherry-tomato,no_match,produce,hard negative: product type tomato vs cherry_tomato
gold-00432,עגבניות במשקל,7298493484355,True,potato,no_match,produce,hard negative: product type tomato vs potato
gold-00433,עגבניה אשכולות,7291099677018,True,tomato,any_brand,produce,critical attributes equal
gold-00433,עגבניה אשכולות,7291099677018,True,cherry-tomato,no_match,produce,hard negative: product type tomato vs cherry_tomato
gold-00433,עגבניה אשכולות,7291099677018,True,banana,no_match,produce,hard negative: product type tomato vs banana
gold-00434,עגבניות ארוז,7290665257711,True,tomato,any_brand,produce,critical attributes equal
gold-00434,עגבניות ארוז,7290665257711,True,cherry-tomato,no_match,produce,hard negative: product type tomato vs cherry_tomato
gold-00434,עגבניות ארוז,7290665257711,True,cucumber,no_match,produce,hard negative: product type tomato vs cucumber
gold-00435,"עגבניה לק""ג",7294539311515,True,tomato,any_brand,produce,critical attributes equal
gold-00435,"עגבניה לק""ג",7294539311515,True,cherry-tomato,no_match,produce,hard negative: product type tomato vs cherry_tomato
gold-00435,"עגבניה לק""ג",7294539311515,True,potato,no_match,produce,hard negative: product type tomato vs potato
gold-00436,עגבניה מובחר,7291006397700,True,tomato,any_brand,produce,critical attributes equal
gold-00436,עגבניה מובחר,7291006397700,True,cherry-tomato,no_match,produce,hard negative: product type tomato vs cherry_tomato
gold-00436,עגבניה מובחר,7291006397700,True,banana,no_match,produce,hard negative: product type tomato vs banana
gold-00437,"עגבניה לק""ג מובחר",7295639023983,True,tomato,any_brand,produce,critical attributes equal
gold-00437,"עגבניה לק""ג מובחר",7295639023983,True,cherry-tomato,no_match,produce,hard negative: product type tomato vs cherry_tomato
gold-00437,"עגבניה לק""ג מובחר",7295639023983,True,cucumber,no_match,produce,hard negative: product type tomato vs cucumber
gold-00438,עגבנייה טריה,7299454023589,True,tomato,any_brand,produce,critical attributes equal
gold-00438,עגבנייה טריה,7299454023589,True,cherry-tomato,no_match,produce,hard negative: product type tomato vs cherry_tomato
gold-00438,עגבנייה טריה,7299454023589,True,potato,no_match,produce,hard negative: product type tomato vs potato
gold-00439,עגבניות מובחר,7297945049259,True,tomato,any_brand,produce,critical attributes equal
gold-00439,עגבניות מובחר,7297945049259,True,cherry-tomato,no_match,produce,hard negative: product type tomato vs cherry_tomato
gold-00439,עגבניות מובחר,7297945049259,True,potato,no_match,produce,hard negative: product type tomato vs potato
gold-00440,עגבניות אורגני,7296927726638,True,tomato,any_brand,produce,critical attributes equal
gold-00440,עגבניות אורגני,7296927726638,True,cherry-tomato,no_match,produce,hard negative: product type tomato vs cherry_tomato
gold-00440,עגבניות אורגני,7296927726638,True,banana,no_match,produce,hard negative: product type tomato vs banana
gold-00441,עגבניות שרי תמר מובחר,7294462047111,True,cherry-tomato,any_brand,produce,critical attributes equal
gold-00441,עגבניות שרי תמר מובחר,7294462047111,True,tomato,no_match,produce,hard negative: product type cherry_tomato vs tomato
gold-00441,עגבניות שרי תמר מובחר,7294462047111,True,onion,no_match,produce,hard negative: product type cherry_tomato vs onion
gold-00442,עגבניה שרי במשקל,7292161953749,True,cherry-tomato,any_brand,produce,critical attributes equal
gold-00442,עגבניה שרי במשקל,7292161953749,True,tomato,no_match,produce,hard negative: product type cherry_tomato vs tomato
gold-00442,עגבניה שרי במשקל,7292161953749,True,banana,no_match,produce,hard negative: product type cherry_tomato vs banana
gold-00443,שרי אדום מובחר,7296215607957,True,cherry-tomato,any_brand,produce,critical attributes equal
gold-00443,שרי אדום מובחר,7296215607957,True,tomato,no_match,produce,hard negative: product type cherry_tomato vs tomato
gold-00443,שרי אדום מובחר,7296215607957,True,onion,no_match,produce,hard negative: product type cherry_tomato vs onion
gold-00444,עגבניות שרי,7295427139043,True,cherry-tomato,any_brand,produce,critical attributes equal
gold-00444,עגבניות שרי,7295427139043,True,tomato,no_match,produce,hard negative: product type cherry_tomato vs tomato
gold-00444,עגבניות שרי,7295427139043,True,banana,no_match,produce,hard negative: product type cherry_tomato vs banana
gold-00445,שרי אדום,7295177050107,True,cherry-tomato,any_brand,produce,critical attributes equal
gold-00445,שרי אדום,7295177050107,True,tomato,no_match,produce,hard negative: product type cherry_tomato vs tomato
gold-00445,שרי אדום,7295177050107,True,onion,no_match,produce,hard negative: product type cherry_tomato vs onion
gold-00446,עגבניות שרי תמר,7294275230807,True,cherry-tomato,any_brand,produce,critical attributes equal
gold-00446,עגבניות שרי תמר,7294275230807,True,tomato,no_match,produce,hard negative: product type cherry_tomato vs tomato
gold-00446,עגבניות שרי תמר,7294275230807,True,onion,no_match,produce,hard negative: product type cherry_tomato vs onion
gold-00447,עגבניות שרי ארוז,7296562199281,True,cherry-tomato,any_brand,produce,critical attributes equal
gold-00447,עגבניות שרי ארוז,7296562199281,True,tomato,no_match,produce,hard negative: product type cherry_tomato vs tomato
gold-00447,עגבניות שרי ארוז,7296562199281,True,onion,no_match,produce,hard negative: product type cherry_tomato vs onion
gold-00448,שרי אדום ארוז,7295773783561,True,cherry-tomato,any_brand,produce,critical attributes equal
gold-00448,שרי אדום ארוז,7295773783561,True,tomato,no_match,produce,hard negative: product type cherry_tomato vs tomato
gold-00448,שרי אדום ארוז,7295773783561,True,cucumber,no_match,produce,hard negative: product type cherry_tomato vs cucumber
gold-00449,עגבניות שרי מובחר,7296755656767,True,cherry-tomato,any_brand,produce,critical attributes equal
gold-00449,עגבניות שרי מובחר,7296755656767,True,tomato,no_match,produce,hard negative: product type cherry_tomato vs tomato
gold-00449,עגבניות שרי מובחר,7296755656767,True,onion,no_match,produce,hard negative: product type cherry_tomato vs onion
gold-00450,עגבניות שרי תמר ארוז,7290014917329,True,cherry-tomato,any_brand,produce,critical attributes equal
gold-00450,עגבניות שרי תמר ארוז,7290014917329,True,tomato,no_match,produce,hard negative: product type cherry_tomato vs tomato
gold-00450,עגבניות שרי תמר ארוז,7290014917329,True,cucumber,no_match,produce,hard negative: product type cherry_tomato vs cucumber
gold-00451,"מלפפון לק""ג",7295193625700,True,cucumber,any_brand,produce,critical attributes equal
gold-00451,"מלפפון לק""ג",7295193625700,True,tomato,no_match,produce,hard negative: product type cucumber vs tomato
gold-00451,"מלפפון לק""ג",7295193625700,True,potato,no_match,produce,hard negative: product type cucumber vs potato
gold-00452,מלפפון טרי,7294090310511,True,cucumber,any_brand,produce,critical attributes equal
gold-00452,מלפפון טרי,7294090310511,True,tomato,no_match,produce,hard negative: product type cucumber vs tomato
gold-00452,מלפפון טרי,7294090310511,True,onion,no_match,produce,hard negative: product type cucumber vs onion
gold-00453,מלפפון מובחר,7295806841443,True,cucumber,any_brand,produce,critical attributes equal
gold-00453,מלפפון מובחר,7295806841443,True,tomato,no_match,produce,hard negative: product type cucumber vs tomato
gold-00453,מלפפון מובחר,7295806841443,True,cherry-tomato,no_match,produce,hard negative: product type cucumber vs cherry_tomato
gold-00454,מלפפונים במשקל,7296889047744,True,cucumber,any_brand,produce,critical attributes equal
gold-00454,מלפפונים במשקל,7296889047744,True,tomato,no_match,produce,hard negative: product type cucumber vs tomato
gold-00454,מלפפונים במשקל,7296889047744,True,potato,no_match,produce,hard negative: product type cucumber vs potato
gold-00455,מלפפון אורגני,7298981577936,True,cucumber,any_brand,produce,critical attributes equal
gold-00455,מלפפון אורגני,7298981577936,True,tomato,no_match,produce,hard negative: product type cucumber vs tomato
gold-00455,מלפפון אורגני,7298981577936,True,potato,no_match,produce,hard negative: product type cucumber vs potato
gold-00456,"מלפפון לק""ג מובחר",7293177331028,True,cucumber,any_brand,produce,critical attributes equal
gold-00456,"מלפפון לק""ג מובחר",7293177331028,True,tomato,no_match,produce,hard negative: product type cucumber vs tomato
gold-00456,"מלפפון לק""ג מובחר",7293177331028,True,potato,no_match,produce,hard negative: product type cucumber vs potato
gold-00457,מלפפון,7297106470913,True,cucumber,any_brand,produce,critical attributes equal
gold-00457,מלפפון,7297106470913,True,tomato,no_match,produce,hard negative: product type cucumber vs tomato
gold-00457,מלפפון,7297106470913,True,cherry-tomato,no_match,produce,hard negative: product type cucumber vs cherry_tomato
gold-00458,"מלפפון לק""ג אורגני",7293645532248,True,cucumber,any_brand,produce,critical attributes equal
gold-00458,"מלפפון לק""ג אורגני",7293645532248,True,tomato,no_match,produce,hard negative: product type cucumber vs tomato
gold-00458,"מלפפון לק""ג אורגני",7293645532248,True,potato,no_match,produce,hard negative: product type cucumber vs potato
gold-00459,תפוח אדמה,7299293392533,True,potato,any_brand,produce,critical attributes equal
gold-00459,תפוח אדמה,7299293392533,True,onion,no_match,produce,hard negative: product type potato vs onion
gold-00459,תפוח אדמה,7299293392533,True,cherry-tomato,no_match,produce,hard negative: product type potato vs cherry_tomato
gold-00460,"תפו""א לבן ארוז",7299725334491,True,potato,any_brand,produce,critical attributes equal
gold-00460,"תפו""א לבן ארוז",7299725334491,True,onion,no_match,produce,hard negative: product type potato vs onion
gold-00460,"תפו""א לבן ארוז",7299725334491,True,tomato,no_match,produce,hard negative: product type potato vs tomato
gold-00461,תפוחי אדמה במשקל,7291066507158,True,potato,any_brand,produce,critical attributes equal
gold-00461,תפוחי אדמה במשקל,7291066507158,True,onion,no_match,produce,hard negative: product type potato vs onion
gold-00461,תפוחי אדמה במשקל,7291066507158,True,banana,no_match,produce,hard negative: product type potato vs banana
gold-00462,תפוח אדמה אדום,7295173425622,True,potato,any_brand,produce,critical attributes equal
gold-00462,תפוח אדמה אדום,7295173425622,True,onion,no_match,produce,hard negative: product type potato vs onion
gold-00462,תפוח אדמה אדום,7295173425622,True,cherry-tomato,no_match,produce,hard negative: product type potato vs cherry_tomato
gold-00463,תפוח אדמה ארוז,7292706268077,True,potato,any_brand,produce,critical attributes equal
gold-00463,תפוח אדמה ארוז,7292706268077,True,onion,no_match,produce,hard negative: product type potato vs onion
gold-00463,תפוח אדמה ארוז,7292706268077,True,tomato,no_match,produce,hard negative: product type potato vs tomato
gold-00464,"תפו""א לבן מובחר",7293618576241,True,potato,any_brand,produce,critical attributes equal
gold-00464,"תפו""א לבן מובחר",7293618576241,True,onion,no_match,produce,hard negative: product type potato vs onion
gold-00464,"תפו""א לבן מובחר",7293618576241,True,cucumber,no_match,produce,hard negative: product type potato vs cucumber
gold-00465,"תפו""א לבן",7294023082901,True,potato,any_brand,produce,critical attributes equal
gold-00465,"תפו""א לבן",7294023082901,True,onion,no_match,produce,hard negative: product type potato vs onion
gold-00465,"תפו""א לבן",7294023082901,True,cherry-tomato,no_match,produce,hard negative: product type potato vs cherry_tomato
gold-00466,תפוח אדמה מובחר,7290527959396,True,potato,any_brand,produce,critical attributes equal
gold-00466,תפוח אדמה מובחר,7290527959396,True,onion,no_match,produce,hard negative: product type potato vs onion
gold-00466,תפוח אדמה מובחר,7290527959396,True,tomato,no_match,produce,hard negative: product type potato vs tomato
gold-00467,בצל לבן ארוז,7297811155706,True,onion,any_brand,produce,critical attributes equal
gold-00467,בצל לבן ארוז,7297811155706,True,potato,no_match,produce,hard negative: product type onion vs potato
gold-00467,בצל לבן ארוז,7297811155706,True,tomato,no_match,produce,hard negative: product type onion vs tomato
gold-00468,בצל יבש ארוז,7292658772241,True,onion,any_brand,produce,critical attributes equal
gold-00468,בצל יבש ארוז,7292658772241,True,potato,no_match,produce,hard negative: product type onion vs potato
gold-00468,בצל יבש ארוז,7292658772241,True,cucumber,no_match,produce,hard negative: product type onion vs cucumber
gold-00469,בצל יבש מובחר,7293203273654,True,onion,any_brand,produce,critical attributes equal
gold-00469,בצל יבש מובחר,7293203273654,True,potato,no_match,produce,hard negative: product type onion vs potato
gold-00469,בצל יבש מובחר,7293203273654,True,banana,no_match,produce,hard negative: product type onion vs banana
gold-00470,בצלים יבשים,7295959513330,True,onion,any_brand,produce,critical attributes equal
gold-00470,בצלים יבשים,7295959513330,True,potato,no_match,produce,hard negative: product type onion vs potato
gold-00470,בצלים יבשים,7295959513330,True,banana,no_match,produce,hard negative: product type onion vs banana
gold-00471,בצל לבן,7293269765142,True,onion,any_brand,produce,critical attributes equal
gold-00471,בצל לבן,7293269765142,True,potato,no_match,produce,hard negative: product type onion vs potato
gold-00471,בצל לבן,7293269765142,True,tomato,no_match,produce,hard negative: product type onion vs tomato
gold-00472,בצל במשקל,7297357171630,True,onion,any_brand,produce,critical attributes equal
gold-00472,בצל במשקל,7297357171630,True,potato,no_match,produce,hard negative: product type onion vs potato
gold-00472,בצל במשקל,7297357171630,True,cherry-tomato,no_match,produce,hard negative: product type onion vs cherry_tomato
gold-00473,בצל יבש,7293100164260,True,onion,any_brand,produce,critical attributes equal
gold-00473,בצל יבש,7293100164260,True,potato,no_match,produce,hard negative: product type onion vs potato
gold-00473,בצל יבש,7293100164260,True,cucumber,no_match,produce,hard negative: product type onion vs cucumber
gold-00474,בצל לבן מובחר,7291869617316,True,onion,any_brand,produce,critical attributes equal
gold-00474,בצל לבן מובחר,7291869617316,True,potato,no_match,produce,hard negative: product type onion vs potato
gold-00474,בצל לבן מובחר,7291869617316,True,cucumber,no_match,produce,hard negative: product type onion vs cucumber
gold-00475,בננה ארוז,7295790916632,True,banana,any_brand,produce,critical attributes equal
gold-00475,בננה ארוז,7295790916632,True,cucumber,no_match,produce,hard negative: product type banana vs cucumber
gold-00476,בננה,7297525665827,True,banana,any_brand,produce,critical attributes equal
gold-00476,בננה,7297525665827,True,tomato,no_match,produce,hard negative: product type banana vs tomato
gold-00477,בננות במשקל,7297100345839,True,banana,any_brand,produce,critical attributes equal
gold-00477,בננות במשקל,7297100345839,True,cherry-tomato,no_match,produce,hard negative: product type banana vs cherry_tomato
gold-00478,"בננה לק""ג",7294812484974,True,banana,any_brand,produce,critical attributes equal
gold-00478,"בננה לק""ג",7294812484974,True,potato,no_match,produce,hard negative: product type banana vs potato
gold-00479,בננה מובחרת,7292118215156,True,banana,any_brand,produce,critical attributes equal
gold-00479,בננה מובחרת,7292118215156,True,tomato,no_match,produce,hard negative: product type banana vs tomato
gold-00480,"בננה לק""ג ארוז",7294623193505,True,banana,any_brand,produce,critical attributes equal
gold-00480,"בננה לק""ג ארוז",7294623193505,True,potato,no_match,produce,hard negative: product type banana vs potato
gold-00481,"בננה לק""ג אורגני",7291956196325,True,banana,any_brand,produce,critical attributes equal
gold-00481,"בננה לק""ג אורגני",7291956196325,True,potato,no_match,produce,hard negative: product type banana vs potato
gold-00482,בננה אורגני,7296257703038,True,banana,any_brand,produce,critical attributes equal
gold-00482,בננה אורגני,7296257703038,True,potato,no_match,produce,hard negative: product type banana vs potato
gold-00483,אחדות לחם לבן 750 גרם,7290000000310,False,bread-white-sliced-750g,exact,bakery,same barcode
gold-00483,אחדות לחם לבן 750 גרם,7290000000310,False,bread-whole-wheat-750g,no_match,bakery,hard negative: flavor white vs whole_wheat
gold-00484,לחם אחיד לבן 500 גרם ברמן,7290291598079,False,bread-white-sliced-750g,close,bakery,soft differs: pack size 500 vs 750 g
gold-00484,לחם אחיד לבן 500 גרם ברמן,7290291598079,False,bread-whole-wheat-750g,no_match,bakery,hard negative: flavor white vs whole_wheat
gold-00485,לחם לבן פרוס אחדות 750 גרם,7290000000310,False,bread-white-sliced-750g,exact,bakery,same barcode
gold-00485,לחם לבן פרוס אחדות 750 גרם,7290000000310,False,bread-whole-wheat-750g,no_match,bakery,hard negative: flavor white vs whole_wheat
gold-00486,לחם אחיד לבן 750 גרם שופרסל,7294592825619,False,bread-white-sliced-750g,any_brand,bakery,critical attributes equal
gold-00486,לחם אחיד לבן 750 גרם שופרסל,7294592825619,False,bread-whole-wheat-750g,no_match,bakery,hard negative: flavor white vs whole_wheat
gold-00487,לחם לבן פרוס אנג'ל 500 גרם,7292504838129,False,bread-white-sliced-750g,close,bakery,soft differs: pack size 500 vs 750 g
gold-00487,לחם לבן פרוס אנג'ל 500 גרם,7292504838129,False,bread-whole-wheat-750g,no_match,bakery,hard negative: flavor white vs whole_wheat
gold-00488,לחם לבן פרוס אנג'ל 750 גרם,7290580410623,False,bread-white-sliced-750g,any_brand,bakery,critical attributes equal
gold-00488,לחם לבן פרוס אנג'ל 750 גרם,7290580410623,False,bread-whole-wheat-750g,no_match,bakery,hard negative: flavor white vs whole_wheat
gold-00489,לחם אחיד לבן 750 גרם ברמן,7293362879440,False,bread-white-sliced-750g,any_brand,bakery,critical attributes equal
gold-00489,לחם אחיד לבן 750 גרם ברמן,7293362879440,False,bread-whole-wheat-750g,no_match,bakery,hard negative: flavor white vs whole_wheat
gold-00490,דוידוביץ לחם לבן 750 גרם,7293532902874,False,bread-white-sliced-750g,any_brand,bakery,critical attributes equal
gold-00490,דוידוביץ לחם לבן 750 גרם,7293532902874,False,bread-whole-wheat-750g,no_match,bakery,hard negative: flavor white vs whole_wheat
gold-00491,לחם אחיד לבן 750 גרם אנג'ל,7292531933799,False,bread-white-sliced-750g,any_brand,bakery,critical attributes equal
gold-00491,לחם אחיד לבן 750 גרם אנג'ל,7292531933799,False,bread-whole-wheat-750g,no_match,bakery,hard negative: flavor white vs whole_wheat
gold-00492,לחם לבן פרוס אחדות 500 גרם,7299361435184,False,bread-white-sliced-750g,close,bakery,soft differs: pack size 500 vs 750 g
gold-00492,לחם לבן פרוס אחדות 500 גרם,7299361435184,False,bread-whole-wheat-750g,no_match,bakery,hard negative: flavor white vs whole_wheat
gold-00493,לחם לבן פרוס ברמן 750 גרם,7299470100122,False,bread-white-sliced-750g,any_brand,bakery,critical attributes equal
gold-00493,לחם לבן פרוס ברמן 750 גרם,7299470100122,False,bread-whole-wheat-750g,no_match,bakery,hard negative: flavor white vs whole_wheat
gold-00494,לחם לבן פרוס דוידוביץ 750 גרם,7292410266215,False,bread-white-sliced-750g,any_brand,bakery,critical attributes equal
gold-00494,לחם לבן פרוס דוידוביץ 750 גרם,7292410266215,False,bread-whole-wheat-750g,no_match,bakery,hard negative: flavor white vs whole_wheat
gold-00495,לחם אחיד לבן 500 גרם שופרסל,7297058568634,False,bread-white-sliced-750g,close,bakery,soft differs: pack size 500 vs 750 g
gold-00495,לחם אחיד לבן 500 גרם שופרסל,7297058568634,False,bread-whole-wheat-750g,no_match,bakery,hard negative: flavor white vs whole_wheat
gold-00496,לחם אחיד לבן 500 גרם דוידוביץ,7298031903114,False,bread-white-sliced-750g,close,bakery,soft differs: pack size 500 vs 750 g
gold-00496,לחם אחיד לבן 500 גרם דוידוביץ,7298031903114,False,bread-whole-wheat-750g,no_match,bakery,hard negative: flavor white vs whole_wheat
gold-00497,אנג'ל לחם לבן 500 גרם,7297528445760,False,bread-white-sliced-750g,close,bakery,soft differs: pack size 500 vs 750 g
gold-00497,אנג'ל לחם לבן 500 גרם,7297528445760,False,bread-whole-wheat-750g,no_match,bakery,hard negative: flavor white vs whole_wheat
gold-00498,שופרסל לחם לבן 750 גרם,7291982596363,False,bread-white-sliced-750g,any_brand,bakery,critical attributes equal
gold-00498,שופרסל לחם לבן 750 גרם,7291982596363,False,bread-whole-wheat-750g,no_match,bakery,hard negative: flavor white vs whole_wheat
gold-00499,לחם מחיטה מלאה דוידוביץ 750 גרם,7290000000320,False,bread-whole-wheat-750g,exact,bakery,same barcode
gold-00499,לחם מחיטה מלאה דוידוביץ 750 גרם,7290000000320,False,bread-white-sliced-750g,no_match,bakery,hard negative: flavor whole_wheat vs white
gold-00500,אחדות לחם מלא 750 גרם,7290000000320,False,bread-whole-wheat-750g,exact,bakery,same barcode
gold-00500,אחדות לחם מלא 750 גרם,7290000000320,False,bread-white-sliced-750g,no_match,bakery,hard negative: flavor whole_wheat vs white
gold-00501,לחם חיטה מלאה פרוס 500 גרם אנג'ל,7296875520676,False,bread-whole-wheat-750g,close,bakery,soft differs: pack size 500 vs 750 g
gold-00501,לחם חיטה מלאה פרוס 500 גרם אנג'ל,7296875520676,False,bread-white-sliced-750g,no_match,bakery,hard negative: flavor whole_wheat vs white
gold-00502,לחם חיטה מלאה פרוס 750 גרם אחדות,7294382729267,False,bread-whole-wheat-750g,any_brand,bakery,critical attributes equal
gold-00502,לחם חיטה מלאה פרוס 750 גרם אחדות,7294382729267,False,bread-white-sliced-750g,no_match,bakery,hard negative: flavor whole_wheat vs white
gold-00503,לחם מחיטה מלאה ברמן 750 גרם,7290840823693,False,bread-whole-wheat-750g,any_brand,bakery,critical attributes equal
gold-00503,לחם מחיטה מלאה ברמן 750 גרם,7290840823693,False,bread-white-sliced-750g,no_match,bakery,hard negative: flavor whole_wheat vs white
gold-00504,ברמן לחם מלא 750 גרם,7298253442160,False,bread-whole-wheat-750g,any_brand,bakery,critical attributes equal
gold-00504,ברמן לחם מלא 750 גרם,7298253442160,False,bread-white-sliced-750g,no_match,bakery,hard negative: flavor whole_wheat vs white
gold-00505,דוידוביץ לחם מלא 750 גרם,7291770261382,False,bread-whole-wheat-750g,any_brand,bakery,critical attributes equal
gold-00505,דוידוביץ לחם מלא 750 גרם,7291770261382,False,bread-white-sliced-750g,no_match,bakery,hard negative: flavor whole_wheat vs white
gold-00506,לחם חיטה מלאה פרוס 750 גרם אנג'ל,7293686604559,False,bread-whole-wheat-750g,any_brand,bakery,critical attributes equal
gold-00506,לחם חיטה מלאה פרוס 750 גרם אנג'ל,7293686604559,False,bread-white-sliced-750g,no_match,bakery,hard negative: flavor whole_wheat vs white
gold-00507,אנג'ל לחם מלא 750 גרם,7295535884258,False,bread-whole-wheat-750g,any_brand,bakery,critical attributes equal
gold-00507,אנג'ל לחם מלא 750 גרם,7295535884258,False,bread-white-sliced-750g,no_match,bakery,hard negative: flavor whole_wheat vs white
gold-00508,שופרסל לחם מלא 750 גרם,7293280538968,False,bread-whole-wheat-750g,any_brand,bakery,critical attributes equal
gold-00508,שופרסל לחם מלא 750 גרם,7293280538968,False,bread-white-sliced-750g,no_match,bakery,hard negative: flavor whole_wheat vs white
gold-00509,לחם מחיטה מלאה אנג'ל 750 גרם,7293864233495,False,bread-whole-wheat-750g,any_brand,bakery,critical attributes equal
gold-00509,לחם מחיטה מלאה אנג'ל 750 גרם,7293864233495,False,bread-white-sliced-750g,no_match,bakery,hard negative: flavor whole_wheat vs white
gold-00510,לחם חיטה מלאה פרוס 750 גרם שופרסל,7299863339843,False,bread-whole-wheat-750g,any_brand,bakery,critical attributes equal
gold-00510,לחם חיטה מלאה פרוס 750 גרם שופרסל,7299863339843,False,bread-white-sliced-750g,no_match,bakery,hard negative: flavor whole_wheat vs white
gold-00511,לחם מחיטה מלאה שופרסל 750 גרם,7293781945841,False,bread-whole-wheat-750g,any_brand,bakery,critical attributes equal
gold-00511,לחם מחיטה מלאה שופרסל 750 גרם,7293781945841,False,bread-white-sliced-750g,no_match,bakery,hard negative: flavor whole_wheat vs white
gold-00512,לחם חיטה מלאה פרוס 500 גרם אחדות,7293230656710,False,bread-whole-wheat-750g,close,bakery,soft differs: pack size 500 vs 750 g
gold-00512,לחם חיטה מלאה פרוס 500 גרם אחדות,7293230656710,False,bread-white-sliced-750g,no_match,bakery,hard negative: flavor whole_wheat vs white
gold-00513,"אורז בסמטי סוגת 1 ק""ג",7290000000330,False,rice-basmati-1kg,exact,pantry,same barcode
gold-00513,"אורז בסמטי סוגת 1 ק""ג",7290000000330,False,rice-persian-1kg,no_match,pantry,hard negative: flavor basmati vs persian
gold-00513,"אורז בסמטי סוגת 1 ק""ג",7290000000330,False,turkish-coffee-200g,no_match,pantry,hard negative: product type rice vs turkish_coffee
gold-00514,"אורז בסמטי מיה 1 ק""ג",7290000000330,False,rice-basmati-1kg,exact,pantry,same barcode
gold-00514,"אורז בסמטי מיה 1 ק""ג",7290000000330,False,rice-persian-1kg,no_match,pantry,hard negative: flavor basmati vs persian
gold-00514,"אורז בסמטי מיה 1 ק""ג",7290000000330,False,instant-coffee-200g,no_match,pantry,hard negative: product type rice vs instant_coffee
gold-00515,"שופרסל אורז בסמטי הודי 1 ק""ג",7297293797327,False,rice-basmati-1kg,any_brand,pantry,critical attributes equal
gold-00515,"שופרסל אורז בסמטי הודי 1 ק""ג",7297293797327,False,rice-persian-1kg,no_match,pantry,hard negative: flavor basmati vs persian
gold-00515,"שופרסל אורז בסמטי הודי 1 ק""ג",7297293797327,False,turkish-coffee-200g,no_match,pantry,hard negative: product type rice vs turkish_coffee
gold-00516,אורז בסמטי שופרסל 500 גרם,7294117229659,False,rice-basmati-1kg,close,pantry,soft differs: pack size 500 vs 1000 g
gold-00516,אורז בסמטי שופרסל 500 גרם,7294117229659,False,rice-persian-1kg,no_match,pantry,hard negative: flavor basmati vs persian
gold-00516,אורז בסמטי שופרסל 500 גרם,7294117229659,False,flour-white-1kg,no_match,pantry,hard negative: product type rice vs flour
gold-00517,"יכין אורז בסמטי הודי 1 ק""ג",7297886647777,False,rice-basmati-1kg,any_brand,pantry,critical attributes equal
gold-00517,"יכין אורז בסמטי הודי 1 ק""ג",7297886647777,False,rice-persian-1kg,no_match,pantry,hard negative: flavor basmati vs persian
gold-00517,"יכין אורז בסמטי הודי 1 ק""ג",7297886647777,False,instant-coffee-200g,no_match,pantry,hard negative: product type rice vs instant_coffee
gold-00518,"וילי פוד אורז בסמטי הודי 1 ק""ג",7297103173545,False,rice-basmati-1kg,any_brand,pantry,critical attributes equal
gold-00518,"וילי פוד אורז בסמטי הודי 1 ק""ג",7297103173545,False,rice-persian-1kg,no_match,pantry,hard negative: flavor basmati vs persian
gold-00518,"וילי פוד אורז בסמטי הודי 1 ק""ג",7297103173545,False,flour-whole-1kg,no_match,pantry,hard negative: product type rice vs flour
gold-00519,"פריניר אורז בסמטי הודי 2 ק""ג",7292262087525,False,rice-basmati-1kg,close,pantry,soft differs: pack size 2000 vs 1000 g
gold-00519,"פריניר אורז בסמטי הודי 2 ק""ג",7292262087525,False,rice-persian-1kg,no_match,pantry,hard negative: flavor basmati vs persian
gold-00519,"פריניר אורז בסמטי הודי 2 ק""ג",7292262087525,False,flour-white-1kg,no_match,pantry,hard negative: product type rice vs flour
gold-00520,"אורז בסמטי יכין 2 ק""ג",7291558061399,False,rice-basmati-1kg,close,pantry,soft differs: pack size 2000 vs 1000 g
gold-00520,"אורז בסמטי יכין 2 ק""ג",7291558061399,False,rice-persian-1kg,no_match,pantry,hard negative: flavor basmati vs persian
gold-00520,"אורז בסמטי יכין 2 ק""ג",7291558061399,False,sugar-white-1kg,no_match,pantry,hard negative: product type rice vs sugar
gold-00521,"אורז בסמטי ארוך 1 ק""ג שופרסל",7296480929085,False,rice-basmati-1kg,any_brand,pantry,critical attributes equal
gold-00521,"אורז בסמטי ארוך 1 ק""ג שופרסל",7296480929085,False,rice-persian-1kg,no_match,pantry,hard negative: flavor basmati vs persian
gold-00521,"אורז בסמטי ארוך 1 ק""ג שופרסל",7296480929085,False,pasta-spaghetti-500g,no_match,pantry,hard negative: product type rice vs pasta
gold-00522,אורז בסמטי ארוך 500 גרם וילי פוד,7297041447883,False,rice-basmati-1kg,close,pantry,soft differs: pack size 500 vs 1000 g
gold-00522,אורז בסמטי ארוך 500 גרם וילי פוד,7297041447883,False,rice-persian-1kg,no_match,pantry,hard negative: flavor basmati vs persian
gold-00522,אורז בסמטי ארוך 500 גרם וילי פוד,7297041447883,False,sugar-brown-1kg,no_match,pantry,hard negative: product type rice vs sugar
gold-00523,"אסם אורז בסמטי הודי 1 ק""ג",7297847060385,False,rice-basmati-1kg,any_brand,pantry,critical attributes equal
gold-00523,"אסם אורז בסמטי הודי 1 ק""ג",7297847060385,False,rice-persian-1kg,no_match,pantry,hard negative: flavor basmati vs persian
gold-00523,"אסם אורז בסמטי הודי 1 ק""ג",7297847060385,False,sugar-white-1kg,no_match,pantry,hard negative: product type rice vs sugar
gold-00524,"אורז בסמטי ארוך 1 ק""ג וילי פוד",7297073038660,False,rice-basmati-1kg,any_brand,pantry,critical attributes equal
gold-00524,"אורז בסמטי ארוך 1 ק""ג וילי פוד",7297073038660,False,rice-persian-1kg,no_match,pantry,hard negative: flavor basmati vs persian
gold-00524,"אורז בסמטי ארוך 1 ק""ג וילי פוד",7297073038660,False,tuna-in-water-160g,no_match,pantry,hard negative: product type rice vs tuna
gold-00525,"סוגת אורז בסמטי הודי 1 ק""ג",7293904412769,False,rice-basmati-1kg,any_brand,pantry,critical attributes equal
gold-00525,"סוגת אורז בסמטי הודי 1 ק""ג",7293904412769,False,rice-persian-1kg,no_match,pantry,hard negative: flavor basmati vs persian
gold-00525,"סוגת אורז בסמטי הודי 1 ק""ג",7293904412769,False,sugar-white-1kg,no_match,pantry,hard negative: product type rice vs sugar
gold-00526,"אורז בסמטי ארוך 2 ק""ג וילי פוד",7297562403421,False,rice-basmati-1kg,close,pantry,soft differs: pack size 2000 vs 1000 g
gold-00526,"אורז בסמטי ארוך 2 ק""ג וילי פוד",7297562403421,False,rice-persian-1kg,no_match,pantry,hard negative: flavor basmati vs persian
gold-00526,"אורז בסמטי ארוך 2 ק""ג וילי פוד",7297562403421,False,flour-white-1kg,no_match,pantry,hard negative: product type rice vs flour
gold-00527,יכין אורז בסמטי הודי 500 גרם,7298519100690,False,rice-basmati-1kg,close,pantry,soft differs: pack size 500 vs 1000 g
gold-00527,יכין אורז בסמטי הודי 500 גרם,7298519100690,False,rice-persian-1kg,no_match,pantry,hard negative: flavor basmati vs persian
gold-00527,יכין אורז בסמטי הודי 500 גרם,7298519100690,False,instant-coffee-200g,no_match,pantry,hard negative: product type rice vs instant_coffee
gold-00528,"אורז בסמטי פריניר 1 ק""ג",7294875063063,False,rice-basmati-1kg,any_brand,pantry,critical attributes equal
gold-00528,"אורז בסמטי פריניר 1 ק""ג",7294875063063,False,rice-persian-1kg,no_match,pantry,hard negative: flavor basmati vs persian
gold-00528,"אורז בסמטי פריניר 1 ק""ג",7294875063063,False,olive-oil-750ml,no_match,pantry,hard negative: product type rice vs olive_oil
gold-00529,"רמי לוי אורז פרסי 1 ק""ג",7290000000340,False,rice-persian-1kg,exact,pantry,same barcode
gold-00529,"רמי לוי אורז פרסי 1 ק""ג",7290000000340,False,rice-basmati-1kg,no_match,pantry,hard negative: flavor persian vs basmati
gold-00529,"רמי לוי אורז פרסי 1 ק""ג",7290000000340,False,tahini-500g,no_match,pantry,hard negative: product type rice vs tahini
gold-00530,"וילי פוד אורז פרסי 1 ק""ג",7290000000340,False,rice-persian-1kg,exact,pantry,same barcode
gold-00530,"וילי פוד אורז פרסי 1 ק""ג",7290000000340,False,rice-basmati-1kg,no_match,pantry,hard negative: flavor persian vs basmati
gold-00530,"וילי פוד אורז פרסי 1 ק""ג",7290000000340,False,sugar-white-1kg,no_match,pantry,hard negative: product type rice vs sugar
gold-00531,"אורז פרסי ארוך 1 ק""ג יכין",7292879684696,False,rice-persian-1kg,any_brand,pantry,critical attributes equal
gold-00531,"אורז פרסי ארוך 1 ק""ג יכין",7292879684696,False,rice-basmati-1kg,no_match,pantry,hard negative: flavor persian vs basmati
gold-00531,"אורז פרסי ארוך 1 ק""ג יכין",7292879684696,False,turkish-coffee-200g,no_match,pantry,hard negative: product type rice vs turkish_coffee
gold-00532,"פריניר אורז פרסי 1 ק""ג",7296065621803,False,rice-persian-1kg,any_brand,pantry,critical attributes equal
gold-00532,"פריניר אורז פרסי 1 ק""ג",7296065621803,False,rice-basmati-1kg,no_match,pantry,hard negative: flavor persian vs basmati
gold-00532,"פריניר אורז פרסי 1 ק""ג",7296065621803,False,instant-coffee-200g,no_match,pantry,hard negative: product type rice vs instant_coffee
gold-00533,"פריניר אורז פרסי 2 ק""ג",7290307369430,False,rice-persian-1kg,close,pantry,soft differs: pack size 2000 vs 1000 g
gold-00533,"פריניר אורז פרסי 2 ק""ג",7290307369430,False,rice-basmati-1kg,no_match,pantry,hard negative: flavor persian vs basmati
gold-00533,"פריניר אורז פרסי 2 ק""ג",7290307369430,False,canned-corn-340g,no_match,pantry,hard negative: product type rice vs canned_corn
gold-00534,"מיה אורז פרסי 1 ק""ג",7295135623744,False,rice-persian-1kg,any_brand,pantry,critical attributes equal
gold-00534,"מיה אורז פרסי 1 ק""ג",7295135623744,False,rice-basmati-1kg,no_match,pantry,hard negative: flavor persian vs basmati
gold-00534,"מיה אורז פרסי 1 ק""ג",7295135623744,False,tahini-500g,no_match,pantry,hard negative: product type rice vs tahini
gold-00535,"אורז פרסי וילי פוד 2 ק""ג",7295729587230,False,rice-persian-1kg,close,pantry,soft differs: pack size 2000 vs 1000 g
gold-00535,"אורז פרסי וילי פוד 2 ק""ג",7295729587230,False,rice-basmati-1kg,no_match,pantry,hard negative: flavor persian vs basmati
gold-00535,"אורז פרסי וילי פוד 2 ק""ג",7295729587230,False,canola-oil-1l,no_match,pantry,hard negative: product type rice vs canola_oil
gold-00536,"אורז פרסי ארוך 1 ק""ג פריניר",7297244973838,False,rice-persian-1kg,any_brand,pantry,critical attributes equal
gold-00536,"אורז פרסי ארוך 1 ק""ג פריניר",7297244973838,False,rice-basmati-1kg,no_match,pantry,hard negative: flavor persian vs basmati
gold-00536,"אורז פרסי ארוך 1 ק""ג פריניר",7297244973838,False,olive-oil-750ml,no_match,pantry,hard negative: product type rice vs olive_oil
gold-00537,"אורז פרסי שופרסל 1 ק""ג",7295731802352,False,rice-persian-1kg,any_brand,pantry,critical attributes equal
gold-00537,"אורז פרסי שופרסל 1 ק""ג",7295731802352,False,rice-basmati-1kg,no_match,pantry,hard negative: flavor persian vs basmati
gold-00537,"אורז פרסי שופרסל 1 ק""ג",7295731802352,False,peanut-snack-80g,no_match,pantry,hard negative: product type rice vs peanut_snack
gold-00538,"אורז פרסי ארוך 1 ק""ג מיה",7296336968688,False,rice-persian-1kg,any_brand,pantry,critical attributes equal
gold-00538,"אורז פרסי ארוך 1 ק""ג מיה",7296336968688,False,rice-basmati-1kg,no_match,pantry,hard negative: flavor persian vs basmati
gold-00538,"אורז פרסי ארוך 1 ק""ג מיה",7296336968688,False,hummus-spread-400g,no_match,pantry,hard negative: product type rice vs hummus_spread
gold-00539,"אורז פרסי אסם 1 ק""ג",7297888235767,False,rice-persian-1kg,any_brand,pantry,critical attributes equal
gold-00539,"אורז פרסי אסם 1 ק""ג",7297888235767,False,rice-basmati-1kg,no_match,pantry,hard negative: flavor persian vs basmati
gold-00539,"אורז פרסי אסם 1 ק""ג",7297888235767,False,peanut-snack-80g,no_match,pantry,hard negative: product type rice vs peanut_snack
gold-00540,"אורז פרסי ארוך 1 ק""ג אסם",7298561843972,False,rice-persian-1kg,any_brand,pantry,critical attributes equal
gold-00540,"אורז פרסי ארוך 1 ק""ג אסם",7298561843972,False,rice-basmati-1kg,no_match,pantry,hard negative: flavor persian vs basmati
gold-00540,"אורז פרסי ארוך 1 ק""ג אסם",7298561843972,False,pasta-spaghetti-500g,no_match,pantry,hard negative: product type rice vs pasta
gold-00541,"אורז פרסי מיה 1 ק""ג",7290421186230,False,rice-persian-1kg,any_brand,pantry,critical attributes equal
gold-00541,"אורז פרסי מיה 1 ק""ג",7290421186230,False,rice-basmati-1kg,no_match,pantry,hard negative: flavor persian vs basmati
gold-00541,"אורז פרסי מיה 1 ק""ג",7290421186230,False,turkish-coffee-200g,no_match,pantry,hard negative: product type rice vs turkish_coffee
gold-00542,"אורז פרסי ארוך 2 ק""ג רמי לוי",7293299708041,False,rice-persian-1kg,close,pantry,soft differs: pack size 2000 vs 1000 g
gold-00542,"אורז פרסי ארוך 2 ק""ג רמי לוי",7293299708041,False,rice-basmati-1kg,no_match,pantry,hard negative: flavor persian vs basmati
gold-00542,"אורז פרסי ארוך 2 ק""ג רמי לוי",7293299708041,False,sugar-brown-1kg,no_match,pantry,hard negative: product type rice vs sugar
gold-00543,פסטה ספגטי דה צ'קו 500 גרם,7290000000350,False,pasta-spaghetti-500g,exact,pantry,same barcode
gold-00543,פסטה ספגטי דה צ'קו 500 גרם,7290000000350,False,sugar-brown-1kg,no_match,pantry,hard negative: product type pasta vs sugar
gold-00544,פסטה ספגטי אסם 500 גרם,7290000000350,False,pasta-spaghetti-500g,exact,pantry,same barcode
gold-00544,פסטה ספגטי אסם 500 גרם,7290000000350,False,peanut-snack-80g,no_match,pantry,hard negative: product type pasta vs peanut_snack
gold-00545,שופרסל פסטה ספגטי 500 גרם,7290876644038,False,pasta-spaghetti-500g,any_brand,pantry,critical attributes equal
gold-00545,שופרסל פסטה ספגטי 500 גרם,7290876644038,False,canola-oil-1l,no_match,pantry,hard negative: product type pasta vs canola_oil
gold-00546,"פסטה ספגטי דה צ'קו 1 ק""ג",7291994223368,False,pasta-spaghetti-500g,close,pantry,soft differs: pack size 1000 vs 500 g
gold-00546,"פסטה ספגטי דה צ'קו 1 ק""ג",7291994223368,False,olive-oil-750ml,no_match,pantry,hard negative: product type pasta vs olive_oil
gold-00547,פוזילי ברילה 500 גרם,7294484023092,False,pasta-spaghetti-500g,close,pantry,soft differs: flavor fusilli vs spaghetti
gold-00547,פוזילי ברילה 500 גרם,7294484023092,False,sugar-brown-1kg,no_match,pantry,hard negative: product type pasta vs sugar
gold-00548,פוזילי דה צ'קו 500 גרם,7292933692406,False,pasta-spaghetti-500g,close,pantry,soft differs: flavor fusilli vs spaghetti
gold-00548,פוזילי דה צ'קו 500 גרם,7292933692406,False,canola-oil-1l,no_match,pantry,hard negative: product type pasta vs canola_oil
gold-00549,רמי לוי פסטה ספגטי 500 גרם,7298257075945,False,pasta-spaghetti-500g,any_brand,pantry,critical attributes equal
gold-00549,רמי לוי פסטה ספגטי 500 גרם,7298257075945,False,sugar-brown-1kg,no_match,pantry,hard negative: product type pasta vs sugar
gold-00550,"רמי לוי פסטה פנה 1 ק""ג",7295914121359,False,pasta-spaghetti-500g,close,pantry,soft differs: pack size 1000 vs 500 g; flavor penne vs spaghetti
gold-00550,"רמי לוי פסטה פנה 1 ק""ג",7295914121359,False,tuna-in-oil-160g,no_match,pantry,hard negative: product type pasta vs tuna
gold-00551,פסטה ספגטי שופרסל 500 גרם,7297233202798,False,pasta-spaghetti-500g,any_brand,pantry,critical attributes equal
gold-00551,פסטה ספגטי שופרסל 500 גרם,7297233202798,False,canned-corn-340g,no_match,pantry,hard negative: product type pasta vs canned_corn
gold-00552,ספגטי שופרסל 500 גרם,7295403390652,False,pasta-spaghetti-500g,any_brand,pantry,critical attributes equal
gold-00552,ספגטי שופרסל 500 גרם,7295403390652,False,rice-basmati-1kg,no_match,pantry,hard negative: product type pasta vs rice
gold-00553,דה צ'קו פסטה ספגטי 500 גרם,7298682189985,False,pasta-spaghetti-500g,any_brand,pantry,critical attributes equal
gold-00553,דה צ'קו פסטה ספגטי 500 גרם,7298682189985,False,hummus-spread-400g,no_match,pantry,hard negative: product type pasta vs hummus_spread
gold-00554,אסם פסטה ספגטי 500 גרם,7297592427936,False,pasta-spaghetti-500g,any_brand,pantry,critical attributes equal
gold-00554,אסם פסטה ספגטי 500 גרם,7297592427936,False,sugar-brown-1kg,no_match,pantry,hard negative: product type pasta vs sugar
gold-00555,ברילה פסטה ספגטי 500 גרם,7294791975900,False,pasta-spaghetti-500g,any_brand,pantry,critical attributes equal
gold-00555,ברילה פסטה ספגטי 500 גרם,7294791975900,False,turkish-coffee-200g,no_match,pantry,hard negative: product type pasta vs turkish_coffee
gold-00556,"שופרסל פסטה פנה 1 ק""ג",7293819801951,False,pasta-spaghetti-500g,close,pantry,soft differs: pack size 1000 vs 500 g; flavor penne vs spaghetti
gold-00556,"שופרסל פסטה פנה 1 ק""ג",7293819801951,False,rice-basmati-1kg,no_match,pantry,hard negative: product type pasta vs rice
gold-00557,ספגטי דה צ'קו 500 גרם,7291904702333,False,pasta-spaghetti-500g,any_brand,pantry,critical attributes equal
gold-00557,ספגטי דה צ'קו 500 גרם,7291904702333,False,flour-whole-1kg,no_match,pantry,hard negative: product type pasta vs flour
gold-00558,"פסטה ספגטי אסם 1 ק""ג",7293663458580,False,pasta-spaghetti-500g,close,pantry,soft differs: pack size 1000 vs 500 g
gold-00558,"פסטה ספגטי אסם 1 ק""ג",7293663458580,False,turkish-coffee-200g,no_match,pantry,hard negative: product type pasta vs turkish_coffee
gold-00559,ספגטי ברילה 500 גרם,7290454595954,False,pasta-spaghetti-500g,any_brand,pantry,critical attributes equal
gold-00559,ספגטי ברילה 500 גרם,7290454595954,False,tahini-500g,no_match,pantry,hard negative: product type pasta vs tahini
gold-00560,פסטה ספגטי רמי לוי 500 גרם,7291289116667,False,pasta-spaghetti-500g,any_brand,pantry,critical attributes equal
gold-00560,פסטה ספגטי רמי לוי 500 גרם,7291289116667,False,peanut-snack-80g,no_match,pantry,hard negative: product type pasta vs peanut_snack
gold-00561,"שופרסל סוכר לבן מזוקק 2 ק""ג",7298390117643,False,sugar-white-1kg,close,pantry,soft differs: pack size 2000 vs 1000 g
gold-00561,"שופרסל סוכר לבן מזוקק 2 ק""ג",7298390117643,False,sugar-brown-1kg,no_match,pantry,hard negative: flavor white vs brown
gold-00561,"שופרסל סוכר לבן מזוקק 2 ק""ג",7298390117643,False,rice-basmati-1kg,no_match,pantry,hard negative: product type sugar vs rice
gold-00562,"שופרסל סוכר לבן מזוקק 1 ק""ג",7290000000360,False,sugar-white-1kg,exact,pantry,same barcode
gold-00562,"שופרסל סוכר לבן מזוקק 1 ק""ג",7290000000360,False,sugar-brown-1kg,no_match,pantry,hard negative: flavor white vs brown
gold-00562,"שופרסל סוכר לבן מזוקק 1 ק""ג",7290000000360,False,canned-corn-340g,no_match,pantry,hard negative: product type sugar vs canned_corn
gold-00563,"וילי פוד סוכר לבן מזוקק 1 ק""ג",7290000000360,False,sugar-white-1kg,exact,pantry,same barcode
gold-00563,"וילי פוד סוכר לבן מזוקק 1 ק""ג",7290000000360,False,sugar-brown-1kg,no_match,pantry,hard negative: flavor white vs brown
gold-00563,"וילי פוד סוכר לבן מזוקק 1 ק""ג",7290000000360,False,peanut-snack-80g,no_match,pantry,hard negative: product type sugar vs peanut_snack
gold-00564,"סוכר לבן וילי פוד 1 ק""ג",7297551431294,False,sugar-white-1kg,any_brand,pantry,critical attributes equal
gold-00564,"סוכר לבן וילי פוד 1 ק""ג",7297551431294,False,sugar-brown-1kg,no_match,pantry,hard negative: flavor white vs brown
gold-00564,"סוכר לבן וילי פוד 1 ק""ג",7297551431294,False,rice-persian-1kg,no_match,pantry,hard negative: product type sugar vs rice
gold-00565,"סוכר לבן סוגת 1 ק""ג",7293861079601,False,sugar-white-1kg,any_brand,pantry,critical attributes equal
gold-00565,"סוכר לבן סוגת 1 ק""ג",7293861079601,False,sugar-brown-1kg,no_match,pantry,hard negative: flavor white vs brown
gold-00565,"סוכר לבן סוגת 1 ק""ג",7293861079601,False,flour-white-1kg,no_match,pantry,hard negative: product type sugar vs flour
gold-00566,"סוגת סוכר לבן מזוקק 1 ק""ג",7295479569312,False,sugar-white-1kg,any_brand,pantry,critical attributes equal
gold-00566,"סוגת סוכר לבן מזוקק 1 ק""ג",7295479569312,False,sugar-brown-1kg,no_match,pantry,hard negative: flavor white vs brown
gold-00566,"סוגת סוכר לבן מזוקק 1 ק""ג",7295479569312,False,rice-persian-1kg,no_match,pantry,hard negative: product type sugar vs rice
gold-00567,"סוכר סוגת לבן 1 ק""ג",7294383079809,False,sugar-white-1kg,any_brand,pantry,critical attributes equal
gold-00567,"סוכר סוגת לבן 1 ק""ג",7294383079809,False,sugar-brown-1kg,no_match,pantry,hard negative: flavor white vs brown
gold-00567,"סוכר סוגת לבן 1 ק""ג",7294383079809,False,flour-white-1kg,no_match,pantry,hard negative: product type sugar vs flour
gold-00568,"סוכר לבן רמי לוי 1 ק""ג",7291171819778,False,sugar-white-1kg,any_brand,pantry,critical attributes equal
gold-00568,"סוכר לבן רמי לוי 1 ק""ג",7291171819778,False,sugar-brown-1kg,no_match,pantry,hard negative: flavor white vs brown
gold-00568,"סוכר לבן רמי לוי 1 ק""ג",7291171819778,False,instant-coffee-200g,no_match,pantry,hard negative: product type sugar vs instant_coffee
gold-00569,"סוכר רמי לוי לבן 1 ק""ג",7293055211988,False,sugar-white-1kg,any_brand,pantry,critical attributes equal
gold-00569,"סוכר רמי לוי לבן 1 ק""ג",7293055211988,False,sugar-brown-1kg,no_match,pantry,hard negative: flavor white vs brown
gold-00569,"סוכר רמי לוי לבן 1 ק""ג",7293055211988,False,tuna-in-water-160g,no_match,pantry,hard negative: product type sugar vs tuna
gold-00570,"סוכר שופרסל לבן 2 ק""ג",7298133179831,False,sugar-white-1kg,close,pantry,soft differs: pack size 2000 vs 1000 g
gold-00570,"סוכר שופרסל לבן 2 ק""ג",7298133179831,False,sugar-brown-1kg,no_match,pantry,hard negative: flavor white vs brown
gold-00570,"סוכר שופרסל לבן 2 ק""ג",7298133179831,False,flour-whole-1kg,no_match,pantry,hard negative: product type sugar vs flour
gold-00571,"סוכר לבן סוגת 2 ק""ג",7296203704422,False,sugar-white-1kg,close,pantry,soft differs: pack size 2000 vs 1000 g
gold-00571,"סוכר לבן סוגת 2 ק""ג",7296203704422,False,sugar-brown-1kg,no_match,pantry,hard negative: flavor white vs brown
gold-00571,"סוכר לבן סוגת 2 ק""ג",7296203704422,False,rice-persian-1kg,no_match,pantry,hard negative: product type sugar vs rice
gold-00572,"סוגת סוכר לבן מזוקק 2 ק""ג",7290513174892,False,sugar-white-1kg,close,pantry,soft differs: pack size 2000 vs 1000 g
gold-00572,"סוגת סוכר לבן מזוקק 2 ק""ג",7290513174892,False,sugar-brown-1kg,no_match,pantry,hard negative: flavor white vs brown
gold-00572,"סוגת סוכר לבן מזוקק 2 ק""ג",7290513174892,False,tahini-500g,no_match,pantry,hard negative: product type sugar vs tahini
gold-00573,סוכר חום שופרסל 500 גרם,7291290094352,False,sugar-brown-1kg,close,pantry,soft differs: pack size 500 vs 1000 g
gold-00573,סוכר חום שופרסל 500 גרם,7291290094352,False,sugar-white-1kg,no_match,pantry,hard negative: flavor brown vs white
gold-00573,סוכר חום שופרסל 500 גרם,7291290094352,False,flour-whole-1kg,no_match,pantry,hard negative: product type sugar vs flour
gold-00574,"סוכר חום שופרסל 1 ק""ג",7290000000370,False,sugar-brown-1kg,exact,pantry,same barcode
gold-00574,"סוכר חום שופרסל 1 ק""ג",7290000000370,False,sugar-white-1kg,no_match,pantry,hard negative: flavor brown vs white
gold-00574,"סוכר חום שופרסל 1 ק""ג",7290000000370,False,instant-coffee-200g,no_match,pantry,hard negative: product type sugar vs instant_coffee
gold-00575,"סוכר חום וילי פוד 1 ק""ג",7290000000370,False,sugar-brown-1kg,exact,pantry,same barcode
gold-00575,"סוכר חום וילי פוד 1 ק""ג",7290000000370,False,sugar-white-1kg,no_match,pantry,hard negative: flavor brown vs white
gold-00575,"סוכר חום וילי פוד 1 ק""ג",7290000000370,False,tuna-in-water-160g,no_match,pantry,hard negative: product type sugar vs tuna
gold-00576,"סוכר דמררה שופרסל 1 ק""ג",7299687019962,False,sugar-brown-1kg,any_brand,pantry,critical attributes equal
gold-00576,"סוכר דמררה שופרסל 1 ק""ג",7299687019962,False,sugar-white-1kg,no_match,pantry,hard negative: flavor brown vs white
gold-00576,"סוכר דמררה שופרסל 1 ק""ג",7299687019962,False,rice-basmati-1kg,no_match,pantry,hard negative: product type sugar vs rice
gold-00577,סוכר דמררה סוגת 500 גרם,7294886841796,False,sugar-brown-1kg,close,pantry,soft differs: pack size 500 vs 1000 g
gold-00577,סוכר דמררה סוגת 500 גרם,7294886841796,False,sugar-white-1kg,no_match,pantry,hard negative: flavor brown vs white
gold-00577,סוכר דמררה סוגת 500 גרם,7294886841796,False,hummus-spread-400g,no_match,pantry,hard negative: product type sugar vs hummus_spread
gold-00578,"סוכר חום סוגת 1 ק""ג",7296972855158,False,sugar-brown-1kg,any_brand,pantry,critical attributes equal
gold-00578,"סוכר חום סוגת 1 ק""ג",7296972855158,False,sugar-white-1kg,no_match,pantry,hard negative: flavor brown vs white
gold-00578,"סוכר חום סוגת 1 ק""ג",7296972855158,False,canola-oil-1l,no_match,pantry,hard negative: product type sugar vs canola_oil
gold-00579,"סוגת סוכר חום 1 ק""ג",7298795422093,False,sugar-brown-1kg,any_brand,pantry,critical attributes equal
gold-00579,"סוגת סוכר חום 1 ק""ג",7298795422093,False,sugar-white-1kg,no_match,pantry,hard negative: flavor brown vs white
gold-00579,"סוגת סוכר חום 1 ק""ג",7298795422093,False,hummus-spread-400g,no_match,pantry,hard negative: product type sugar vs hummus_spread
gold-00580,"סוכר דמררה וילי פוד 1 ק""ג",7293553648371,False,sugar-brown-1kg,any_brand,pantry,critical attributes equal
gold-00580,"סוכר דמררה וילי פוד 1 ק""ג",7293553648371,False,sugar-white-1kg,no_match,pantry,hard negative: flavor brown vs white
gold-00580,"סוכר דמררה וילי פוד 1 ק""ג",7293553648371,False,rice-basmati-1kg,no_match,pantry,hard negative: product type sugar vs rice
gold-00581,"וילי פוד סוכר חום 1 ק""ג",7298295665939,False,sugar-brown-1kg,any_brand,pantry,critical attributes equal
gold-00581,"וילי פוד סוכר חום 1 ק""ג",7298295665939,False,sugar-white-1kg,no_match,pantry,hard negative: flavor brown vs white
gold-00581,"וילי פוד סוכר חום 1 ק""ג",7298295665939,False,pasta-spaghetti-500g,no_match,pantry,hard negative: product type sugar vs pasta
gold-00582,סוכר חום סוגת 500 גרם,7298613604981,False,sugar-brown-1kg,close,pantry,soft differs: pack size 500 vs 1000 g
gold-00582,סוכר חום סוגת 500 גרם,7298613604981,False,sugar-white-1kg,no_match,pantry,hard negative: flavor brown vs white
gold-00582,סוכר חום סוגת 500 גרם,7298613604981,False,tuna-in-oil-160g,no_match,pantry,hard negative: product type sugar vs tuna
gold-00583,"שטיבל קמח לבן מנופה 1 ק""ג",7290000000380,False,flour-white-1kg,exact,pantry,same barcode
gold-00583,"שטיבל קמח לבן מנופה 1 ק""ג",7290000000380,False,flour-whole-1kg,no_match,pantry,hard negative: flavor white vs whole_wheat
gold-00583,"שטיבל קמח לבן מנופה 1 ק""ג",7290000000380,False,tahini-500g,no_match,pantry,hard negative: product type flour vs tahini
gold-00584,"קמח חיטה לבן 1 ק""ג סוגת",7290000000380,False,flour-white-1kg,exact,pantry,same barcode
gold-00584,"קמח חיטה לבן 1 ק""ג סוגת",7290000000380,False,flour-whole-1kg,no_match,pantry,hard negative: flavor white vs whole_wheat
gold-00584,"קמח חיטה לבן 1 ק""ג סוגת",7290000000380,False,tahini-500g,no_match,pantry,hard negative: product type flour vs tahini
gold-00585,"קמח חיטה לבן 1 ק""ג שופרסל",7292523937597,False,flour-white-1kg,any_brand,pantry,critical attributes equal
gold-00585,"קמח חיטה לבן 1 ק""ג שופרסל",7292523937597,False,flour-whole-1kg,no_match,pantry,hard negative: flavor white vs whole_wheat
gold-00585,"קמח חיטה לבן 1 ק""ג שופרסל",7292523937597,False,peanut-snack-80g,no_match,pantry,hard negative: product type flour vs peanut_snack
gold-00586,"סוגת קמח לבן מנופה 1 ק""ג",7294472882092,False,flour-white-1kg,any_brand,pantry,critical attributes equal
gold-00586,"סוגת קמח לבן מנופה 1 ק""ג",7294472882092,False,flour-whole-1kg,no_match,pantry,hard negative: flavor white vs whole_wheat
gold-00586,"סוגת קמח לבן מנופה 1 ק""ג",7294472882092,False,canola-oil-1l,no_match,pantry,hard negative: product type flour vs canola_oil
gold-00587,"קמח חיטה לבן 1 ק""ג רמי לוי",7299593505369,False,flour-white-1kg,any_brand,pantry,critical attributes equal
gold-00587,"קמח חיטה לבן 1 ק""ג רמי לוי",7299593505369,False,flour-whole-1kg,no_match,pantry,hard negative: flavor white vs whole_wheat
gold-00587,"קמח חיטה לבן 1 ק""ג רמי לוי",7299593505369,False,rice-basmati-1kg,no_match,pantry,hard negative: product type flour vs rice
gold-00588,"קמח לבן סוגת 1 ק""ג",7299728254453,False,flour-white-1kg,any_brand,pantry,critical attributes equal
gold-00588,"קמח לבן סוגת 1 ק""ג",7299728254453,False,flour-whole-1kg,no_match,pantry,hard negative: flavor white vs whole_wheat
gold-00588,"קמח לבן סוגת 1 ק""ג",7299728254453,False,sugar-brown-1kg,no_match,pantry,hard negative: product type flour vs sugar
gold-00589,"קמח חיטה לבן 1 ק""ג שטיבל",7299803308715,False,flour-white-1kg,any_brand,pantry,critical attributes equal
gold-00589,"קמח חיטה לבן 1 ק""ג שטיבל",7299803308715,False,flour-whole-1kg,no_match,pantry,hard negative: flavor white vs whole_wheat
gold-00589,"קמח חיטה לבן 1 ק""ג שטיבל",7299803308715,False,pasta-spaghetti-500g,no_match,pantry,hard negative: product type flour vs pasta
gold-00590,"קמח לבן רמי לוי 1 ק""ג",7292669950519,False,flour-white-1kg,any_brand,pantry,critical attributes equal
gold-00590,"קמח לבן רמי לוי 1 ק""ג",7292669950519,False,flour-whole-1kg,no_match,pantry,hard negative: flavor white vs whole_wheat
gold-00590,"קמח לבן רמי לוי 1 ק""ג",7292669950519,False,olive-oil-750ml,no_match,pantry,hard negative: product type flour vs olive_oil
gold-00591,"קמח לבן שטיבל 1 ק""ג",7296075163919,False,flour-white-1kg,any_brand,pantry,critical attributes equal
gold-00591,"קמח לבן שטיבל 1 ק""ג",7296075163919,False,flour-whole-1kg,no_match,pantry,hard negative: flavor white vs whole_wheat
gold-00591,"קמח לבן שטיבל 1 ק""ג",7296075163919,False,sugar-white-1kg,no_match,pantry,hard negative: product type flour vs sugar
gold-00592,"קמח לבן שופרסל 1 ק""ג",7290302484543,False,flour-white-1kg,any_brand,pantry,critical attributes equal
gold-00592,"קמח לבן שופרסל 1 ק""ג",7290302484543,False,flour-whole-1kg,no_match,pantry,hard negative: flavor white vs whole_wheat
gold-00592,"קמח לבן שופרסל 1 ק""ג",7290302484543,False,canola-oil-1l,no_match,pantry,hard negative: product type flour vs canola_oil
gold-00593,"קמח לבן רמי לוי 2 ק""ג",7295480647803,False,flour-white-1kg,close,pantry,soft differs: pack size 2000 vs 1000 g
gold-00593,"קמח לבן רמי לוי 2 ק""ג",7295480647803,False,flour-whole-1kg,no_match,pantry,hard negative: flavor white vs whole_wheat
gold-00593,"קמח לבן רמי לוי 2 ק""ג",7295480647803,False,tahini-500g,no_match,pantry,hard negative: product type flour vs tahini
gold-00594,"סוגת קמח לבן מנופה 2 ק""ג",7294462599851,False,flour-white-1kg,close,pantry,soft differs: pack size 2000 vs 1000 g
gold-00594,"סוגת קמח לבן מנופה 2 ק""ג",7294462599851,False,flour-whole-1kg,no_match,pantry,hard negative: flavor white vs whole_wheat
gold-00594,"סוגת קמח לבן מנופה 2 ק""ג",7294462599851,False,canola-oil-1l,no_match,pantry,hard negative: product type flour vs canola_oil
gold-00595,"קמח חיטה מלאה 1 ק""ג סוגת",7290000000390,False,flour-whole-1kg,exact,pantry,same barcode
gold-00595,"קמח חיטה מלאה 1 ק""ג סוגת",7290000000390,False,flour-white-1kg,no_match,pantry,hard negative: flavor whole_wheat vs white
gold-00595,"קמח חיטה מלאה 1 ק""ג סוגת",7290000000390,False,tuna-in-water-160g,no_match,pantry,hard negative: product type flour vs tuna
gold-00596,"שופרסל קמח מלא 1 ק""ג",7290000000390,False,flour-whole-1kg,exact,pantry,same barcode
gold-00596,"שופרסל קמח מלא 1 ק""ג",7290000000390,False,flour-white-1kg,no_match,pantry,hard negative: flavor whole_wheat vs white
gold-00596,"שופרסל קמח מלא 1 ק""ג",7290000000390,False,turkish-coffee-200g,no_match,pantry,hard negative: product type flour vs turkish_coffee
gold-00597,"שטיבל קמח מלא 1 ק""ג",7291347728363,False,flour-whole-1kg,any_brand,pantry,critical attributes equal
gold-00597,"שטיבל קמח מלא 1 ק""ג",7291347728363,False,flour-white-1kg,no_match,pantry,hard negative: flavor whole_wheat vs white
gold-00597,"שטיבל קמח מלא 1 ק""ג",7291347728363,False,turkish-coffee-200g,no_match,pantry,hard negative: product type flour vs turkish_coffee
gold-00598,"סוגת קמח מלא 1 ק""ג",7292217647122,False,flour-whole-1kg,any_brand,pantry,critical attributes equal
gold-00598,"סוגת קמח מלא 1 ק""ג",7292217647122,False,flour-white-1kg,no_match,pantry,hard negative: flavor whole_wheat vs white
gold-00598,"סוגת קמח מלא 1 ק""ג",7292217647122,False,sugar-brown-1kg,no_match,pantry,hard negative: product type flour vs sugar
gold-00599,"קמח מלא שופרסל 1 ק""ג",7296705021681,False,flour-whole-1kg,any_brand,pantry,critical attributes equal
gold-00599,"קמח מלא שופרסל 1 ק""ג",7296705021681,False,flour-white-1kg,no_match,pantry,hard negative: flavor whole_wheat vs white
gold-00599,"קמח מלא שופרסל 1 ק""ג",7296705021681,False,sugar-white-1kg,no_match,pantry,hard negative: product type flour vs sugar
gold-00600,"קמח חיטה מלאה 1 ק""ג שטיבל",7298960146044,False,flour-whole-1kg,any_brand,pantry,critical attributes equal
gold-00600,"קמח חיטה מלאה 1 ק""ג שטיבל",7298960146044,False,flour-white-1kg,no_match,pantry,hard negative: flavor whole_wheat vs white
gold-00600,"קמח חיטה מלאה 1 ק""ג שטיבל",7298960146044,False,peanut-snack-80g,no_match,pantry,hard negative: product type flour vs peanut_snack
gold-00601,"קמח חיטה מלאה 1 ק""ג שופרסל",7295310233801,False,flour-whole-1kg,any_brand,pantry,critical attributes equal
gold-00601,"קמח חיטה מלאה 1 ק""ג שופרסל",7295310233801,False,flour-white-1kg,no_match,pantry,hard negative: flavor whole_wheat vs white
gold-00601,"קמח חיטה מלאה 1 ק""ג שופרסל",7295310233801,False,olive-oil-750ml,no_match,pantry,hard negative: product type flour vs olive_oil
gold-00602,"קמח מלא שטיבל 1 ק""ג",7299864132725,False,flour-whole-1kg,any_brand,pantry,critical attributes equal
gold-00602,"קמח מלא שטיבל 1 ק""ג",7299864132725,False,flour-white-1kg,no_match,pantry,hard negative: flavor whole_wheat vs white
gold-00602,"קמח מלא שטיבל 1 ק""ג",7299864132725,False,instant-coffee-200g,no_match,pantry,hard negative: product type flour vs instant_coffee
gold-00603,"קמח מלא סוגת 1 ק""ג",7295144446192,False,flour-whole-1kg,any_brand,pantry,critical attributes equal
gold-00603,"קמח מלא סוגת 1 ק""ג",7295144446192,False,flour-white-1kg,no_match,pantry,hard negative: flavor whole_wheat vs white
gold-00603,"קמח מלא סוגת 1 ק""ג",7295144446192,False,tahini-500g,no_match,pantry,hard negative: product type flour vs tahini
gold-00604,"זיתא שמן זית כתית 750 מ""ל",7290000000400,False,olive-oil-750ml,exact,pantry,same barcode
gold-00604,"זיתא שמן זית כתית 750 מ""ל",7290000000400,False,canola-oil-1l,no_match,pantry,hard negative: product type olive_oil vs canola_oil
gold-00604,"זיתא שמן זית כתית 750 מ""ל",7290000000400,False,tuna-in-water-160g,no_match,pantry,hard negative: product type olive_oil vs tuna
gold-00605,"שמן זית כתית מעולה יד מרדכי 750 מ""ל",7290000000400,False,olive-oil-750ml,exact,pantry,same barcode
gold-00605,"שמן זית כתית מעולה יד מרדכי 750 מ""ל",7290000000400,False,canola-oil-1l,no_match,pantry,hard negative: product type olive_oil vs canola_oil
gold-00605,"שמן זית כתית מעולה יד מרדכי 750 מ""ל",7290000000400,False,hummus-spread-400g,no_match,pantry,hard negative: product type olive_oil vs hummus_spread
gold-00606,"עץ הזית שמן זית כתית 750 מ""ל",7299140055283,False,olive-oil-750ml,any_brand,pantry,critical attributes equal
gold-00606,"עץ הזית שמן זית כתית 750 מ""ל",7299140055283,False,canola-oil-1l,no_match,pantry,hard negative: product type olive_oil vs canola_oil
gold-00606,"עץ הזית שמן זית כתית 750 מ""ל",7299140055283,False,peanut-snack-80g,no_match,pantry,hard negative: product type olive_oil vs peanut_snack
gold-00607,"שמן זית כתית מעולה שופרסל 750 מ""ל",7294272686338,False,olive-oil-750ml,any_brand,pantry,critical attributes equal
gold-00607,"שמן זית כתית מעולה שופרסל 750 מ""ל",7294272686338,False,canola-oil-1l,no_match,pantry,hard negative: product type olive_oil vs canola_oil
gold-00607,"שמן זית כתית מעולה שופרסל 750 מ""ל",7294272686338,False,canned-corn-340g,no_match,pantry,hard negative: product type olive_oil vs canned_corn
gold-00608,"רמי לוי שמן זית כתית 750 מ""ל",7298683035839,False,olive-oil-750ml,any_brand,pantry,critical attributes equal
gold-00608,"רמי לוי שמן זית כתית 750 מ""ל",7298683035839,False,canola-oil-1l,no_match,pantry,hard negative: product type olive_oil vs canola_oil
gold-00608,"רמי לוי שמן זית כתית 750 מ""ל",7298683035839,False,instant-coffee-200g,no_match,pantry,hard negative: product type olive_oil vs instant_coffee
gold-00609,"שמן זית שופרסל 750 מ""ל",7290526208313,False,olive-oil-750ml,any_brand,pantry,critical attributes equal
gold-00609,"שמן זית שופרסל 750 מ""ל",7290526208313,False,canola-oil-1l,no_match,pantry,hard negative: product type olive_oil vs canola_oil
gold-00609,"שמן זית שופרסל 750 מ""ל",7290526208313,False,instant-coffee-200g,no_match,pantry,hard negative: product type olive_oil vs instant_coffee
gold-00610,"יד מרדכי שמן זית כתית 750 מ""ל",7295835568505,False,olive-oil-750ml,any_brand,pantry,critical attributes equal
gold-00610,"יד מרדכי שמן זית כתית 750 מ""ל",7295835568505,False,canola-oil-1l,no_match,pantry,hard negative: product type olive_oil vs canola_oil
gold-00610,"יד מרדכי שמן זית כתית 750 מ""ל",7295835568505,False,sugar-white-1kg,no_match,pantry,hard negative: product type olive_oil vs sugar
gold-00611,"שמן זית כתית מעולה עץ הזית 750 מ""ל",7298792231889,False,olive-oil-750ml,any_brand,pantry,critical attributes equal
gold-00611,"שמן זית כתית מעולה עץ הזית 750 מ""ל",7298792231889,False,canola-oil-1l,no_match,pantry,hard negative: product type olive_oil vs canola_oil
gold-00611,"שמן זית כתית מעולה עץ הזית 750 מ""ל",7298792231889,False,pasta-spaghetti-500g,no_match,pantry,hard negative: product type olive_oil vs pasta
gold-00612,"שמן זית רמי לוי 750 מ""ל",7292330510456,False,olive-oil-750ml,any_brand,pantry,critical attributes equal
gold-00612,"שמן זית רמי לוי 750 מ""ל",7292330510456,False,canola-oil-1l,no_match,pantry,hard negative: product type olive_oil vs canola_oil
gold-00612,"שמן זית רמי לוי 750 מ""ל",7292330510456,False,rice-basmati-1kg,no_match,pantry,hard negative: product type olive_oil vs rice
gold-00613,"עץ הזית שמן זית כתית 500 מ""ל",7297709149910,False,olive-oil-750ml,close,pantry,soft differs: pack size 500 vs 750 ml
gold-00613,"עץ הזית שמן זית כתית 500 מ""ל",7297709149910,False,canola-oil-1l,no_match,pantry,hard negative: product type olive_oil vs canola_oil
gold-00613,"עץ הזית שמן זית כתית 500 מ""ל",7297709149910,False,tuna-in-oil-160g,no_match,pantry,hard negative: product type olive_oil vs tuna
gold-00614,"רמי לוי שמן זית כתית 500 מ""ל",7290312050117,False,olive-oil-750ml,close,pantry,soft differs: pack size 500 vs 750 ml
gold-00614,"רמי לוי שמן זית כתית 500 מ""ל",7290312050117,False,canola-oil-1l,no_match,pantry,hard negative: product type olive_oil vs canola_oil
gold-00614,"רמי לוי שמן זית כתית 500 מ""ל",7290312050117,False,rice-persian-1kg,no_match,pantry,hard negative: product type olive_oil vs rice
gold-00615,"שמן זית כתית מעולה זיתא 750 מ""ל",7293080646319,False,olive-oil-750ml,any_brand,pantry,critical attributes equal
gold-00615,"שמן זית כתית מעולה זיתא 750 מ""ל",7293080646319,False,canola-oil-1l,no_match,pantry,hard negative: product type olive_oil vs canola_oil
gold-00615,"שמן זית כתית מעולה זיתא 750 מ""ל",7293080646319,False,tahini-500g,no_match,pantry,hard negative: product type olive_oil vs tahini
gold-00616,"שמן זית שופרסל 500 מ""ל",7299866190511,False,olive-oil-750ml,close,pantry,soft differs: pack size 500 vs 750 ml
gold-00616,"שמן זית שופרסל 500 מ""ל",7299866190511,False,canola-oil-1l,no_match,pantry,hard negative: product type olive_oil vs canola_oil
gold-00616,"שמן זית שופרסל 500 מ""ל",7299866190511,False,flour-white-1kg,no_match,pantry,hard negative: product type olive_oil vs flour
gold-00617,זיתא שמן זית כתית 1 ל',7291386254596,False,olive-oil-750ml,close,pantry,soft differs: pack size 1000 vs 750 ml
gold-00617,זיתא שמן זית כתית 1 ל',7291386254596,False,canola-oil-1l,no_match,pantry,hard negative: product type olive_oil vs canola_oil
gold-00617,זיתא שמן זית כתית 1 ל',7291386254596,False,canned-corn-340g,no_match,pantry,hard negative: product type olive_oil vs canned_corn
gold-00618,"שמן זית עץ הזית 750 מ""ל",7292994025647,False,olive-oil-750ml,any_brand,pantry,critical attributes equal
gold-00618,"שמן זית עץ הזית 750 מ""ל",7292994025647,False,canola-oil-1l,no_match,pantry,hard negative: product type olive_oil vs canola_oil
gold-00618,"שמן זית עץ הזית 750 מ""ל",7292994025647,False,turkish-coffee-200g,no_match,pantry,hard negative: product type olive_oil vs turkish_coffee
gold-00619,"שמן זית יד מרדכי 750 מ""ל",7290456241770,False,olive-oil-750ml,any_brand,pantry,critical attributes equal
gold-00619,"שמן זית יד מרדכי 750 מ""ל",7290456241770,False,canola-oil-1l,no_match,pantry,hard negative: product type olive_oil vs canola_oil
gold-00619,"שמן זית יד מרדכי 750 מ""ל",7290456241770,False,instant-coffee-200g,no_match,pantry,hard negative: product type olive_oil vs instant_coffee
gold-00620,שמן קנולה מיה 1 ל',7290000000410,False,canola-oil-1l,exact,pantry,same barcode
gold-00620,שמן קנולה מיה 1 ל',7290000000410,False,olive-oil-750ml,no_match,pantry,hard negative: product type canola_oil vs olive_oil
gold-00620,שמן קנולה מיה 1 ל',7290000000410,False,rice-persian-1kg,no_match,pantry,hard negative: product type canola_oil vs rice
gold-00621,מיה שמן קנולה 1 ל',7290000000410,False,canola-oil-1l,exact,pantry,same barcode
gold-00621,מיה שמן קנולה 1 ל',7290000000410,False,olive-oil-750ml,no_match,pantry,hard negative: product type canola_oil vs olive_oil
gold-00621,מיה שמן קנולה 1 ל',7290000000410,False,rice-basmati-1kg,no_match,pantry,hard negative: product type canola_oil vs rice
gold-00622,שמן קנולה מיה 2 ל',7293499998563,False,canola-oil-1l,close,pantry,soft differs: pack size 2000 vs 1000 ml
gold-00622,שמן קנולה מיה 2 ל',7293499998563,False,olive-oil-750ml,no_match,pantry,hard negative: product type canola_oil vs olive_oil
gold-00622,שמן קנולה מיה 2 ל',7293499998563,False,tuna-in-water-160g,no_match,pantry,hard negative: product type canola_oil vs tuna
gold-00623,רמי לוי שמן קנולה 1 ל',7290324396975,False,canola-oil-1l,any_brand,pantry,critical attributes equal
gold-00623,רמי לוי שמן קנולה 1 ל',7290324396975,False,olive-oil-750ml,no_match,pantry,hard negative: product type canola_oil vs olive_oil
gold-00623,רמי לוי שמן קנולה 1 ל',7290324396975,False,turkish-coffee-200g,no_match,pantry,hard negative: product type canola_oil vs turkish_coffee
gold-00624,שמן קנולה עץ הזית 1 ל',7295424908381,False,canola-oil-1l,any_brand,pantry,critical attributes equal
gold-00624,שמן קנולה עץ הזית 1 ל',7295424908381,False,olive-oil-750ml,no_match,pantry,hard negative: product type canola_oil vs olive_oil
gold-00624,שמן קנולה עץ הזית 1 ל',7295424908381,False,rice-basmati-1kg,no_match,pantry,hard negative: product type canola_oil vs rice
gold-00625,שמן קנולה טהור 1 ל' רמי לוי,7292708457750,False,canola-oil-1l,any_brand,pantry,critical attributes equal
gold-00625,שמן קנולה טהור 1 ל' רמי לוי,7292708457750,False,olive-oil-750ml,no_match,pantry,hard negative: product type canola_oil vs olive_oil
gold-00625,שמן קנולה טהור 1 ל' רמי לוי,7292708457750,False,rice-persian-1kg,no_match,pantry,hard negative: product type canola_oil vs rice
gold-00626,עץ הזית שמן קנולה 1 ל',7291878041024,False,canola-oil-1l,any_brand,pantry,critical attributes equal
gold-00626,עץ הזית שמן קנולה 1 ל',7291878041024,False,olive-oil-750ml,no_match,pantry,hard negative: product type canola_oil vs olive_oil
gold-00626,עץ הזית שמן קנולה 1 ל',7291878041024,False,turkish-coffee-200g,no_match,pantry,hard negative: product type canola_oil vs turkish_coffee
gold-00627,שמן קנולה טהור 1 ל' מיה,7292213524970,False,canola-oil-1l,any_brand,pantry,critical attributes equal
gold-00627,שמן קנולה טהור 1 ל' מיה,7292213524970,False,olive-oil-750ml,no_match,pantry,hard negative: product type canola_oil vs olive_oil
gold-00627,שמן קנולה טהור 1 ל' מיה,7292213524970,False,peanut-snack-80g,no_match,pantry,hard negative: product type canola_oil vs peanut_snack
gold-00628,שמן קנולה עץ הזית 2 ל',7293370559606,False,canola-oil-1l,close,pantry,soft differs: pack size 2000 vs 1000 ml
gold-00628,שמן קנולה עץ הזית 2 ל',7293370559606,False,olive-oil-750ml,no_match,pantry,hard negative: product type canola_oil vs olive_oil
gold-00628,שמן קנולה עץ הזית 2 ל',7293370559606,False,rice-basmati-1kg,no_match,pantry,hard negative: product type canola_oil vs rice
gold-00629,שמן קנולה טהור 1 ל' עץ הזית,7295917890872,False,canola-oil-1l,any_brand,pantry,critical attributes equal
gold-00629,שמן קנולה טהור 1 ל' עץ הזית,7295917890872,False,olive-oil-750ml,no_match,pantry,hard negative: product type canola_oil vs olive_oil
gold-00629,שמן קנולה טהור 1 ל' עץ הזית,7295917890872,False,instant-coffee-200g,no_match,pantry,hard negative: product type canola_oil vs instant_coffee
gold-00630,שמן קנולה שופרסל 1 ל',7295264764439,False,canola-oil-1l,any_brand,pantry,critical attributes equal
gold-00630,שמן קנולה שופרסל 1 ל',7295264764439,False,olive-oil-750ml,no_match,pantry,hard negative: product type canola_oil vs olive_oil
gold-00630,שמן קנולה שופרסל 1 ל',7295264764439,False,rice-basmati-1kg,no_match,pantry,hard negative: product type canola_oil vs rice
gold-00631,שמן קנולה שופרסל 2 ל',7292593594180,False,canola-oil-1l,close,pantry,soft differs: pack size 2000 vs 1000 ml
gold-00631,שמן קנולה שופרסל 2 ל',7292593594180,False,olive-oil-750ml,no_match,pantry,hard negative: product type canola_oil vs olive_oil
gold-00631,שמן קנולה שופרסל 2 ל',7292593594180,False,instant-coffee-200g,no_match,pantry,hard negative: product type canola_oil vs instant_coffee
gold-00632,נתחי טונה בשמן צמחי 160 גרם רמי לוי,7290000000420,False,tuna-in-oil-160g,exact,pantry,same barcode
gold-00632,נתחי טונה בשמן צמחי 160 גרם רמי לוי,7290000000420,False,tuna-in-water-160g,no_match,pantry,hard negative: flavor oil vs water
gold-00632,נתחי טונה בשמן צמחי 160 גרם רמי לוי,7290000000420,False,sugar-white-1kg,no_match,pantry,hard negative: product type tuna vs sugar
gold-00633,נתחי טונה בשמן צמחי 160 גרם ויליגר,7290000000420,False,tuna-in-oil-160g,exact,pantry,same barcode
gold-00633,נתחי טונה בשמן צמחי 160 גרם ויליגר,7290000000420,False,tuna-in-water-160g,no_match,pantry,hard negative: flavor oil vs water
gold-00633,נתחי טונה בשמן צמחי 160 גרם ויליגר,7290000000420,False,rice-basmati-1kg,no_match,pantry,hard negative: product type tuna vs rice
gold-00634,טונה בשמן שופרסל 160 גרם,7295237994352,False,tuna-in-oil-160g,any_brand,pantry,critical attributes equal
gold-00634,טונה בשמן שופרסל 160 גרם,7295237994352,False,tuna-in-water-160g,no_match,pantry,hard negative: flavor oil vs water
gold-00634,טונה בשמן שופרסל 160 גרם,7295237994352,False,flour-white-1kg,no_match,pantry,hard negative: product type tuna vs flour
gold-00635,נתחי טונה בשמן צמחי 4*160 גרם ויליגר,7298200823073,False,tuna-in-oil-160g,close,pantry,soft differs: pack size 640 vs 160 g
gold-00635,נתחי טונה בשמן צמחי 4*160 גרם ויליגר,7298200823073,False,tuna-in-water-160g,no_match,pantry,hard negative: flavor oil vs water
gold-00635,נתחי טונה בשמן צמחי 4*160 גרם ויליגר,7298200823073,False,instant-coffee-200g,no_match,pantry,hard negative: product type tuna vs instant_coffee
gold-00636,נתחי טונה בשמן צמחי 160 גרם סטארקיסט,7293969156606,False,tuna-in-oil-160g,any_brand,pantry,critical attributes equal
gold-00636,נתחי טונה בשמן צמחי 160 גרם סטארקיסט,7293969156606,False,tuna-in-water-160g,no_match,pantry,hard negative: flavor oil vs water
gold-00636,נתחי טונה בשמן צמחי 160 גרם סטארקיסט,7293969156606,False,canola-oil-1l,no_match,pantry,hard negative: product type tuna vs canola_oil
gold-00637,פלוגת טונה בשמן 160 גרם,7294991392208,False,tuna-in-oil-160g,any_brand,pantry,critical attributes equal
gold-00637,פלוגת טונה בשמן 160 גרם,7294991392208,False,tuna-in-water-160g,no_match,pantry,hard negative: flavor oil vs water
gold-00637,פלוגת טונה בשמן 160 גרם,7294991392208,False,instant-coffee-200g,no_match,pantry,hard negative: product type tuna vs instant_coffee
gold-00638,טונה בשמן פלוגת 160 גרם,7297725293905,False,tuna-in-oil-160g,any_brand,pantry,critical attributes equal
gold-00638,טונה בשמן פלוגת 160 גרם,7297725293905,False,tuna-in-water-160g,no_match,pantry,hard negative: flavor oil vs water
gold-00638,טונה בשמן פלוגת 160 גרם,7297725293905,False,canola-oil-1l,no_match,pantry,hard negative: product type tuna vs canola_oil
gold-00639,רמי לוי טונה בשמן 160 גרם,7297463075335,False,tuna-in-oil-160g,any_brand,pantry,critical attributes equal
gold-00639,רמי לוי טונה בשמן 160 גרם,7297463075335,False,tuna-in-water-160g,no_match,pantry,hard negative: flavor oil vs water
gold-00639,רמי לוי טונה בשמן 160 גרם,7297463075335,False,canned-corn-340g,no_match,pantry,hard negative: product type tuna vs canned_corn
gold-00640,טונה בשמן רמי לוי 160 גרם,7297148255048,False,tuna-in-oil-160g,any_brand,pantry,critical attributes equal
gold-00640,טונה בשמן רמי לוי 160 גרם,7297148255048,False,tuna-in-water-160g,no_match,pantry,hard negative: flavor oil vs water
gold-00640,טונה בשמן רמי לוי 160 גרם,7297148255048,False,instant-coffee-200g,no_match,pantry,hard negative: product type tuna vs instant_coffee
gold-00641,נתחי טונה בשמן צמחי 160 גרם שופרסל,7293617760144,False,tuna-in-oil-160g,any_brand,pantry,critical attributes equal
gold-00641,נתחי טונה בשמן צמחי 160 גרם שופרסל,7293617760144,False,tuna-in-water-160g,no_match,pantry,hard negative: flavor oil vs water
gold-00641,נתחי טונה בשמן צמחי 160 גרם שופרסל,7293617760144,False,rice-basmati-1kg,no_match,pantry,hard negative: product type tuna vs rice
gold-00642,טונה בשמן סטארקיסט 160 גרם,7295628330710,False,tuna-in-oil-160g,any_brand,pantry,critical attributes equal
gold-00642,טונה בשמן סטארקיסט 160 גרם,7295628330710,False,tuna-in-water-160g,no_match,pantry,hard negative: flavor oil vs water
gold-00642,טונה בשמן סטארקיסט 160 גרם,7295628330710,False,canola-oil-1l,no_match,pantry,hard negative: product type tuna vs canola_oil
gold-00643,שופרסל טונה בשמן 4*160 גרם,7294465279181,False,tuna-in-oil-160g,close,pantry,soft differs: pack size 640 vs 160 g
gold-00643,שופרסל טונה בשמן 4*160 גרם,7294465279181,False,tuna-in-water-160g,no_match,pantry,hard negative: flavor oil vs water
gold-00643,שופרסל טונה בשמן 4*160 גרם,7294465279181,False,hummus-spread-400g,no_match,pantry,hard negative: product type tuna vs hummus_spread
gold-00644,טונה בשמן רמי לוי 4*160 גרם,7296478433393,False,tuna-in-oil-160g,close,pantry,soft differs: pack size 640 vs 160 g
gold-00644,טונה בשמן רמי לוי 4*160 גרם,7296478433393,False,tuna-in-water-160g,no_match,pantry,hard negative: flavor oil vs water
gold-00644,טונה בשמן רמי לוי 4*160 גרם,7296478433393,False,olive-oil-750ml,no_match,pantry,hard negative: product type tuna vs olive_oil
gold-00645,סטארקיסט טונה בשמן 160 גרם,7299844133577,False,tuna-in-oil-160g,any_brand,pantry,critical attributes equal
gold-00645,סטארקיסט טונה בשמן 160 גרם,7299844133577,False,tuna-in-water-160g,no_match,pantry,hard negative: flavor oil vs water
gold-00645,סטארקיסט טונה בשמן 160 גרם,7299844133577,False,rice-persian-1kg,no_match,pantry,hard negative: product type tuna vs rice
gold-00646,נתחי טונה בשמן צמחי 4*160 גרם פלוגת,7296187603988,False,tuna-in-oil-160g,close,pantry,soft differs: pack size 640 vs 160 g
gold-00646,נתחי טונה בשמן צמחי 4*160 גרם פלוגת,7296187603988,False,tuna-in-water-160g,no_match,pantry,hard negative: flavor oil vs water
gold-00646,נתחי טונה בשמן צמחי 4*160 גרם פלוגת,7296187603988,False,canola-oil-1l,no_match,pantry,hard negative: product type tuna vs canola_oil
gold-00647,טונה בשמן פלוגת 4*160 גרם,7297877837884,False,tuna-in-oil-160g,close,pantry,soft differs: pack size 640 vs 160 g
gold-00647,טונה בשמן פלוגת 4*160 גרם,7297877837884,False,tuna-in-water-160g,no_match,pantry,hard negative: flavor oil vs water
gold-00647,טונה בשמן פלוגת 4*160 גרם,7297877837884,False,olive-oil-750ml,no_match,pantry,hard negative: product type tuna vs olive_oil
gold-00648,פלוגת טונה במים ומלח 160 גרם,7290000000430,False,tuna-in-water-160g,exact,pantry,same barcode
gold-00648,פלוגת טונה במים ומלח 160 גרם,7290000000430,False,tuna-in-oil-160g,no_match,pantry,hard negative: flavor water vs oil
gold-00648,פלוגת טונה במים ומלח 160 גרם,7290000000430,False,flour-whole-1kg,no_match,pantry,hard negative: product type tuna vs flour
gold-00649,טונה במים שופרסל 4*160 גרם,7290818265295,False,tuna-in-water-160g,close,pantry,soft differs: pack size 640 vs 160 g
gold-00649,טונה במים שופרסל 4*160 גרם,7290818265295,False,tuna-in-oil-160g,no_match,pantry,hard negative: flavor water vs oil
gold-00649,טונה במים שופרסל 4*160 גרם,7290818265295,False,tahini-500g,no_match,pantry,hard negative: product type tuna vs tahini
gold-00650,סטארקיסט טונה במים ומלח 160 גרם,7290000000430,False,tuna-in-water-160g,exact,pantry,same barcode
gold-00650,סטארקיסט טונה במים ומלח 160 גרם,7290000000430,False,tuna-in-oil-160g,no_match,pantry,hard negative: flavor water vs oil
gold-00650,סטארקיסט טונה במים ומלח 160 גרם,7290000000430,False,rice-persian-1kg,no_match,pantry,hard negative: product type tuna vs rice
gold-00651,ויליגר טונה במים ומלח 4*160 גרם,7299095182189,False,tuna-in-water-160g,close,pantry,soft differs: pack size 640 vs 160 g
gold-00651,ויליגר טונה במים ומלח 4*160 גרם,7299095182189,False,tuna-in-oil-160g,no_match,pantry,hard negative: flavor water vs oil
gold-00651,ויליגר טונה במים ומלח 4*160 גרם,7299095182189,False,peanut-snack-80g,no_match,pantry,hard negative: product type tuna vs peanut_snack
gold-00652,טונה במים ויליגר 160 גרם,7294770725888,False,tuna-in-water-160g,any_brand,pantry,critical attributes equal
gold-00652,טונה במים ויליגר 160 גרם,7294770725888,False,tuna-in-oil-160g,no_match,pantry,hard negative: flavor water vs oil
gold-00652,טונה במים ויליגר 160 גרם,7294770725888,False,tahini-500g,no_match,pantry,hard negative: product type tuna vs tahini
gold-00653,טונה במים שופרסל 160 גרם,7296290192438,False,tuna-in-water-160g,any_brand,pantry,critical attributes equal
gold-00653,טונה במים שופרסל 160 גרם,7296290192438,False,tuna-in-oil-160g,no_match,pantry,hard negative: flavor water vs oil
gold-00653,טונה במים שופרסל 160 גרם,7296290192438,False,pasta-spaghetti-500g,no_match,pantry,hard negative: product type tuna vs pasta
gold-00654,טונה במים פלוגת 160 גרם,7294257397118,False,tuna-in-water-160g,any_brand,pantry,critical attributes equal
gold-00654,טונה במים פלוגת 160 גרם,7294257397118,False,tuna-in-oil-160g,no_match,pantry,hard negative: flavor water vs oil
gold-00654,טונה במים פלוגת 160 גרם,7294257397118,False,canned-corn-340g,no_match,pantry,hard negative: product type tuna vs canned_corn
gold-00655,נתחי טונה במים 160 גרם סטארקיסט,7291209126703,False,tuna-in-water-160g,any_brand,pantry,critical attributes equal
gold-00655,נתחי טונה במים 160 גרם סטארקיסט,7291209126703,False,tuna-in-oil-160g,no_match,pantry,hard negative: flavor water vs oil
gold-00655,נתחי טונה במים 160 גרם סטארקיסט,7291209126703,False,sugar-brown-1kg,no_match,pantry,hard negative: product type tuna vs sugar
gold-00656,שופרסל טונה במים ומלח 160 גרם,7298933163399,False,tuna-in-water-160g,any_brand,pantry,critical attributes equal
gold-00656,שופרסל טונה במים ומלח 160 גרם,7298933163399,False,tuna-in-oil-160g,no_match,pantry,hard negative: flavor water vs oil
gold-00656,שופרסל טונה במים ומלח 160 גרם,7298933163399,False,flour-white-1kg,no_match,pantry,hard negative: product type tuna vs flour
gold-00657,נתחי טונה במים 160 גרם ויליגר,7299506913828,False,tuna-in-water-160g,any_brand,pantry,critical attributes equal
gold-00657,נתחי טונה במים 160 גרם ויליגר,7299506913828,False,tuna-in-oil-160g,no_match,pantry,hard negative: flavor water vs oil
gold-00657,נתחי טונה במים 160 גרם ויליגר,7299506913828,False,instant-coffee-200g,no_match,pantry,hard negative: product type tuna vs instant_coffee
gold-00658,טונה במים סטארקיסט 160 גרם,7296928279085,False,tuna-in-water-160g,any_brand,pantry,critical attributes equal
gold-00658,טונה במים סטארקיסט 160 גרם,7296928279085,False,tuna-in-oil-160g,no_match,pantry,hard negative: flavor water vs oil
gold-00658,טונה במים סטארקיסט 160 גרם,7296928279085,False,canned-corn-340g,no_match,pantry,hard negative: product type tuna vs canned_corn
gold-00659,נתחי טונה במים 160 גרם שופרסל,7298930168578,False,tuna-in-water-160g,any_brand,pantry,critical attributes equal
gold-00659,נתחי טונה במים 160 גרם שופרסל,7298930168578,False,tuna-in-oil-160g,no_match,pantry,hard negative: flavor water vs oil
gold-00659,נתחי טונה במים 160 גרם שופרסל,7298930168578,False,canned-corn-340g,no_match,pantry,hard negative: product type tuna vs canned_corn
gold-00660,נתחי טונה במים 4*160 גרם פלוגת,7297673779758,False,tuna-in-water-160g,close,pantry,soft differs: pack size 640 vs 160 g
gold-00660,נתחי טונה במים 4*160 גרם פלוגת,7297673779758,False,tuna-in-oil-160g,no_match,pantry,hard negative: flavor water vs oil
gold-00660,נתחי טונה במים 4*160 גרם פלוגת,7297673779758,False,turkish-coffee-200g,no_match,pantry,hard negative: product type tuna vs turkish_coffee
gold-00661,נתחי טונה במים 160 גרם פלוגת,7292024209117,False,tuna-in-water-160g,any_brand,pantry,critical attributes equal
gold-00661,נתחי טונה במים 160 גרם פלוגת,7292024209117,False,tuna-in-oil-160g,no_match,pantry,hard negative: flavor water vs oil
gold-00661,נתחי טונה במים 160 גרם פלוגת,7292024209117,False,instant-coffee-200g,no_match,pantry,hard negative: product type tuna vs instant_coffee
gold-00662,גרעיני תירס פרי ניר 340 גרם,7290000000440,False,canned-corn-340g,exact,pantry,same barcode
gold-00662,גרעיני תירס פרי ניר 340 גרם,7290000000440,False,flour-white-1kg,no_match,pantry,hard negative: product type canned_corn vs flour
gold-00663,תירס מתוק רמי לוי 340 גרם,7290000000440,False,canned-corn-340g,exact,pantry,same barcode
gold-00663,תירס מתוק רמי לוי 340 גרם,7290000000440,False,tahini-500g,no_match,pantry,hard negative: product type canned_corn vs tahini
gold-00664,תירס מתוק יכין 340 גרם,7293136837614,False,canned-corn-340g,any_brand,pantry,critical attributes equal
gold-00664,תירס מתוק יכין 340 גרם,7293136837614,False,instant-coffee-200g,no_match,pantry,hard negative: product type canned_corn vs instant_coffee
gold-00665,תירס מתוק שופרסל 340 גרם,7297533168249,False,canned-corn-340g,any_brand,pantry,critical attributes equal
gold-00665,תירס מתוק שופרסל 340 גרם,7297533168249,False,turkish-coffee-200g,no_match,pantry,hard negative: product type canned_corn vs turkish_coffee
gold-00666,גרעיני תירס שופרסל 340 גרם,7296496103145,False,canned-corn-340g,any_brand,pantry,critical attributes equal
gold-00666,גרעיני תירס שופרסל 340 גרם,7296496103145,False,turkish-coffee-200g,no_match,pantry,hard negative: product type canned_corn vs turkish_coffee
gold-00667,גרעיני תירס רמי לוי 340 גרם,7294111404350,False,canned-corn-340g,any_brand,pantry,critical attributes equal
gold-00667,גרעיני תירס רמי לוי 340 גרם,7294111404350,False,instant-coffee-200g,no_match,pantry,hard negative: product type canned_corn vs instant_coffee
gold-00668,גרעיני תירס יכין 340 גרם,7297393042291,False,canned-corn-340g,any_brand,pantry,critical attributes equal
gold-00668,גרעיני תירס יכין 340 גרם,7297393042291,False,rice-basmati-1kg,no_match,pantry,hard negative: product type canned_corn vs rice
gold-00669,גרעיני תירס גרין ג'ייאנט 340 גרם,7299685639987,False,canned-corn-340g,any_brand,pantry,critical attributes equal
gold-00669,גרעיני תירס גרין ג'ייאנט 340 גרם,7299685639987,False,olive-oil-750ml,no_match,pantry,hard negative: product type canned_corn vs olive_oil
gold-00670,רמי לוי תירס בשימורים 340 גרם,7295847516400,False,canned-corn-340g,any_brand,pantry,critical attributes equal
gold-00670,רמי לוי תירס בשימורים 340 גרם,7295847516400,False,sugar-white-1kg,no_match,pantry,hard negative: product type canned_corn vs sugar
gold-00671,גרעיני תירס גרין ג'ייאנט 3*340 גרם,7295504360976,False,canned-corn-340g,close,pantry,soft differs: pack size 1020 vs 340 g
gold-00671,גרעיני תירס גרין ג'ייאנט 3*340 גרם,7295504360976,False,turkish-coffee-200g,no_match,pantry,hard negative: product type canned_corn vs turkish_coffee
gold-00672,גרעיני תירס שופרסל 3*340 גרם,7298760518130,False,canned-corn-340g,close,pantry,soft differs: pack size 1020 vs 340 g
gold-00672,גרעיני תירס שופרסל 3*340 גרם,7298760518130,False,sugar-brown-1kg,no_match,pantry,hard negative: product type canned_corn vs sugar
gold-00673,רמי לוי תירס בשימורים 3*340 גרם,7298196280411,False,canned-corn-340g,close,pantry,soft differs: pack size 1020 vs 340 g
gold-00673,רמי לוי תירס בשימורים 3*340 גרם,7298196280411,False,rice-persian-1kg,no_match,pantry,hard negative: product type canned_corn vs rice
gold-00674,ממרח חומוס שופרסל 400 גרם,7290000000450,False,hummus-spread-400g,exact,pantry,same barcode
gold-00674,ממרח חומוס שופרסל 400 גרם,7290000000450,False,tahini-500g,no_match,pantry,hard negative: product type hummus_spread vs tahini
gold-00674,ממרח חומוס שופרסל 400 גרם,7290000000450,False,flour-white-1kg,no_match,pantry,hard negative: product type hummus_spread vs flour
gold-00675,חומוס אחלה 750 גרם,7291619885589,False,hummus-spread-400g,close,pantry,soft differs: pack size 750 vs 400 g
gold-00675,חומוס אחלה 750 גרם,7291619885589,False,tahini-500g,no_match,pantry,hard negative: product type hummus_spread vs tahini
gold-00675,חומוס אחלה 750 גרם,7291619885589,False,flour-whole-1kg,no_match,pantry,hard negative: product type hummus_spread vs flour
gold-00676,ממרח חומוס צבר 400 גרם,7290000000450,False,hummus-spread-400g,exact,pantry,same barcode
gold-00676,ממרח חומוס צבר 400 גרם,7290000000450,False,tahini-500g,no_match,pantry,hard negative: product type hummus_spread vs tahini
gold-00676,ממרח חומוס צבר 400 גרם,7290000000450,False,instant-coffee-200g,no_match,pantry,hard negative: product type hummus_spread vs instant_coffee
gold-00677,סלט חומוס מיקי 400 גרם,7298315747000,False,hummus-spread-400g,any_brand,pantry,critical attributes equal
gold-00677,סלט חומוס מיקי 400 גרם,7298315747000,False,tahini-500g,no_match,pantry,hard negative: product type hummus_spread vs tahini
gold-00677,סלט חומוס מיקי 400 גרם,7298315747000,False,flour-whole-1kg,no_match,pantry,hard negative: product type hummus_spread vs flour
gold-00678,חומוס צבר 750 גרם,7297745611710,False,hummus-spread-400g,close,pantry,soft differs: pack size 750 vs 400 g
gold-00678,חומוס צבר 750 גרם,7297745611710,False,tahini-500g,no_match,pantry,hard negative: product type hummus_spread vs tahini
gold-00678,חומוס צבר 750 גרם,7297745611710,False,pasta-spaghetti-500g,no_match,pantry,hard negative: product type hummus_spread vs pasta
gold-00679,חומוס צבר 400 גרם,7295936966800,False,hummus-spread-400g,any_brand,pantry,critical attributes equal
gold-00679,חומוס צבר 400 גרם,7295936966800,False,tahini-500g,no_match,pantry,hard negative: product type hummus_spread vs tahini
gold-00679,חומוס צבר 400 גרם,7295936966800,False,instant-coffee-200g,no_match,pantry,hard negative: product type hummus_spread vs instant_coffee
gold-00680,חומוס מיקי 400 גרם,7291488695827,False,hummus-spread-400g,any_brand,pantry,critical attributes equal
gold-00680,חומוס מיקי 400 גרם,7291488695827,False,tahini-500g,no_match,pantry,hard negative: product type hummus_spread vs tahini
gold-00680,חומוס מיקי 400 גרם,7291488695827,False,peanut-snack-80g,no_match,pantry,hard negative: product type hummus_spread vs peanut_snack
gold-00681,סלט חומוס אחלה 750 גרם,7292247839898,False,hummus-spread-400g,close,pantry,soft differs: pack size 750 vs 400 g
gold-00681,סלט חומוס אחלה 750 גרם,7292247839898,False,tahini-500g,no_match,pantry,hard negative: product type hummus_spread vs tahini
gold-00681,סלט חומוס אחלה 750 גרם,7292247839898,False,turkish-coffee-200g,no_match,pantry,hard negative: product type hummus_spread vs turkish_coffee
gold-00682,ממרח חומוס מיקי 400 גרם,7296464985186,False,hummus-spread-400g,any_brand,pantry,critical attributes equal
gold-00682,ממרח חומוס מיקי 400 גרם,7296464985186,False,tahini-500g,no_match,pantry,hard negative: product type hummus_spread vs tahini
gold-00682,ממרח חומוס מיקי 400 גרם,7296464985186,False,tuna-in-water-160g,no_match,pantry,hard negative: product type hummus_spread vs tuna
gold-00683,חומוס שופרסל 750 גרם,7298783269167,False,hummus-spread-400g,close,pantry,soft differs: pack size 750 vs 400 g
gold-00683,חומוס שופרסל 750 גרם,7298783269167,False,tahini-500g,no_match,pantry,hard negative: product type hummus_spread vs tahini
gold-00683,חומוס שופרסל 750 גרם,7298783269167,False,canola-oil-1l,no_match,pantry,hard negative: product type hummus_spread vs canola_oil
gold-00684,חומוס שופרסל 400 גרם,7296356698760,False,hummus-spread-400g,any_brand,pantry,critical attributes equal
gold-00684,חומוס שופרסל 400 גרם,7296356698760,False,tahini-500g,no_match,pantry,hard negative: product type hummus_spread vs tahini
gold-00684,חומוס שופרסל 400 גרם,7296356698760,False,tuna-in-water-160g,no_match,pantry,hard negative: product type hummus_spread vs tuna
gold-00685,חומוס אחלה 400 גרם,7291818361347,False,hummus-spread-400g,any_brand,pantry,critical attributes equal
gold-00685,חומוס אחלה 400 גרם,7291818361347,False,tahini-500g,no_match,pantry,hard negative: product type hummus_spread vs tahini
gold-00685,חומוס אחלה 400 גרם,7291818361347,False,flour-white-1kg,no_match,pantry,hard negative: product type hummus_spread vs flour
gold-00686,טחינה גולמית הנסיך 500 גרם,7290000000460,False,tahini-500g,exact,pantry,same barcode
gold-00686,טחינה גולמית הנסיך 500 גרם,7290000000460,False,hummus-spread-400g,no_match,pantry,hard negative: product type tahini vs hummus_spread
gold-00686,טחינה גולמית הנסיך 500 גרם,7290000000460,False,tuna-in-oil-160g,no_match,pantry,hard negative: product type tahini vs tuna
gold-00687,טחינה גולמית אל ארז 500 גרם,7290000000460,False,tahini-500g,exact,pantry,same barcode
gold-00687,טחינה גולמית אל ארז 500 גרם,7290000000460,False,hummus-spread-400g,no_match,pantry,hard negative: product type tahini vs hummus_spread
gold-00687,טחינה גולמית אל ארז 500 גרם,7290000000460,False,tuna-in-water-160g,no_match,pantry,hard negative: product type tahini vs tuna
gold-00688,טחינה גולמית הר ברכה 500 גרם,7299880700281,False,tahini-500g,any_brand,pantry,critical attributes equal
gold-00688,טחינה גולמית הר ברכה 500 גרם,7299880700281,False,hummus-spread-400g,no_match,pantry,hard negative: product type tahini vs hummus_spread
gold-00688,טחינה גולמית הר ברכה 500 גרם,7299880700281,False,flour-whole-1kg,no_match,pantry,hard negative: product type tahini vs flour
gold-00689,טחינה גולמית שופרסל 500 גרם,7295317302946,False,tahini-500g,any_brand,pantry,critical attributes equal
gold-00689,טחינה גולמית שופרסל 500 גרם,7295317302946,False,hummus-spread-400g,no_match,pantry,hard negative: product type tahini vs hummus_spread
gold-00689,טחינה גולמית שופרסל 500 גרם,7295317302946,False,rice-basmati-1kg,no_match,pantry,hard negative: product type tahini vs rice
gold-00690,שופרסל טחינה 500 גרם,7291984891739,False,tahini-500g,any_brand,pantry,critical attributes equal
gold-00690,שופרסל טחינה 500 גרם,7291984891739,False,hummus-spread-400g,no_match,pantry,hard negative: product type tahini vs hummus_spread
gold-00690,שופרסל טחינה 500 גרם,7291984891739,False,turkish-coffee-200g,no_match,pantry,hard negative: product type tahini vs turkish_coffee
gold-00691,"טחינה גולמית משומשום מלא 1 ק""ג הנסיך",7298623816057,False,tahini-500g,close,pantry,soft differs: pack size 1000 vs 500 g
gold-00691,"טחינה גולמית משומשום מלא 1 ק""ג הנסיך",7298623816057,False,hummus-spread-400g,no_match,pantry,hard negative: product type tahini vs hummus_spread
gold-00691,"טחינה גולמית משומשום מלא 1 ק""ג הנסיך",7298623816057,False,canola-oil-1l,no_match,pantry,hard negative: product type tahini vs canola_oil
gold-00692,"טחינה גולמית משומשום מלא 1 ק""ג הר ברכה",7292777141261,False,tahini-500g,close,pantry,soft differs: pack size 1000 vs 500 g
gold-00692,"טחינה גולמית משומשום מלא 1 ק""ג הר ברכה",7292777141261,False,hummus-spread-400g,no_match,pantry,hard negative: product type tahini vs hummus_spread
gold-00692,"טחינה גולמית משומשום מלא 1 ק""ג הר ברכה",7292777141261,False,tuna-in-water-160g,no_match,pantry,hard negative: product type tahini vs tuna
gold-00693,אל ארז טחינה 500 גרם,7291626960921,False,tahini-500g,any_brand,pantry,critical attributes equal
gold-00693,אל ארז טחינה 500 גרם,7291626960921,False,hummus-spread-400g,no_match,pantry,hard negative: product type tahini vs hummus_spread
gold-00693,אל ארז טחינה 500 גרם,7291626960921,False,olive-oil-750ml,no_match,pantry,hard negative: product type tahini vs olive_oil
gold-00694,הנסיך טחינה 500 גרם,7295944030311,False,tahini-500g,any_brand,pantry,critical attributes equal
gold-00694,הנסיך טחינה 500 גרם,7295944030311,False,hummus-spread-400g,no_match,pantry,hard negative: product type tahini vs hummus_spread
gold-00694,הנסיך טחינה 500 גרם,7295944030311,False,turkish-coffee-200g,no_match,pantry,hard negative: product type tahini vs turkish_coffee
gold-00695,הר ברכה טחינה 500 גרם,7294241928140,False,tahini-500g,any_brand,pantry,critical attributes equal
gold-00695,הר ברכה טחינה 500 גרם,7294241928140,False,hummus-spread-400g,no_match,pantry,hard negative: product type tahini vs hummus_spread
gold-00695,הר ברכה טחינה 500 גרם,7294241928140,False,sugar-white-1kg,no_match,pantry,hard negative: product type tahini vs sugar
gold-00696,"טחינה גולמית הנסיך 1 ק""ג",7292044531167,False,tahini-500g,close,pantry,soft differs: pack size 1000 vs 500 g
gold-00696,"טחינה גולמית הנסיך 1 ק""ג",7292044531167,False,hummus-spread-400g,no_match,pantry,hard negative: product type tahini vs hummus_spread
gold-00696,"טחינה גולמית הנסיך 1 ק""ג",7292044531167,False,sugar-brown-1kg,no_match,pantry,hard negative: product type tahini vs sugar
gold-00697,טחינה גולמית משומשום מלא 500 גרם אל ארז,7295247126452,False,tahini-500g,any_brand,pantry,critical attributes equal
gold-00697,טחינה גולמית משומשום מלא 500 גרם אל ארז,7295247126452,False,hummus-spread-400g,no_match,pantry,hard negative: product type tahini vs hummus_spread
gold-00697,טחינה גולמית משומשום מלא 500 גרם אל ארז,7295247126452,False,sugar-white-1kg,no_match,pantry,hard negative: product type tahini vs sugar
gold-00698,נמס שופרסל 200 גרם,7290000000470,False,instant-coffee-200g,exact,pantry,same barcode
gold-00698,נמס שופרסל 200 גרם,7290000000470,False,turkish-coffee-200g,no_match,pantry,hard negative: product type instant_coffee vs turkish_coffee
gold-00698,נמס שופרסל 200 גרם,7290000000470,False,flour-white-1kg,no_match,pantry,hard negative: product type instant_coffee vs flour
gold-00699,נסקפה קפה נמס מגורען 200 גרם,7290000000470,False,instant-coffee-200g,exact,pantry,same barcode
gold-00699,נסקפה קפה נמס מגורען 200 גרם,7290000000470,False,turkish-coffee-200g,no_match,pantry,hard negative: product type instant_coffee vs turkish_coffee
gold-00699,נסקפה קפה נמס מגורען 200 גרם,7290000000470,False,sugar-brown-1kg,no_match,pantry,hard negative: product type instant_coffee vs sugar
gold-00700,קפה נמס ג'ייקובס 200 גרם,7290622349025,False,instant-coffee-200g,any_brand,pantry,critical attributes equal
gold-00700,קפה נמס ג'ייקובס 200 גרם,7290622349025,False,turkish-coffee-200g,no_match,pantry,hard negative: product type instant_coffee vs turkish_coffee
gold-00700,קפה נמס ג'ייקובס 200 גרם,7290622349025,False,tahini-500g,no_match,pantry,hard negative: product type instant_coffee vs tahini
gold-00701,ג'ייקובס קפה נמס מגורען 200 גרם,7293855085890,False,instant-coffee-200g,any_brand,pantry,critical attributes equal
gold-00701,ג'ייקובס קפה נמס מגורען 200 גרם,7293855085890,False,turkish-coffee-200g,no_match,pantry,hard negative: product type instant_coffee vs turkish_coffee
gold-00701,ג'ייקובס קפה נמס מגורען 200 גרם,7293855085890,False,canola-oil-1l,no_match,pantry,hard negative: product type instant_coffee vs canola_oil
gold-00702,עלית קפה נמס מגורען 100 גרם,7297445723065,False,instant-coffee-200g,close,pantry,soft differs: pack size 100 vs 200 g
gold-00702,עלית קפה נמס מגורען 100 גרם,7297445723065,False,turkish-coffee-200g,no_match,pantry,hard negative: product type instant_coffee vs turkish_coffee
gold-00702,עלית קפה נמס מגורען 100 גרם,7297445723065,False,flour-whole-1kg,no_match,pantry,hard negative: product type instant_coffee vs flour
gold-00703,עלית קפה נמס מגורען 200 גרם,7296925689765,False,instant-coffee-200g,any_brand,pantry,critical attributes equal
gold-00703,עלית קפה נמס מגורען 200 גרם,7296925689765,False,turkish-coffee-200g,no_match,pantry,hard negative: product type instant_coffee vs turkish_coffee
gold-00703,עלית קפה נמס מגורען 200 גרם,7296925689765,False,flour-white-1kg,no_match,pantry,hard negative: product type instant_coffee vs flour
gold-00704,נמס ג'ייקובס 200 גרם,7296953436884,False,instant-coffee-200g,any_brand,pantry,critical attributes equal
gold-00704,נמס ג'ייקובס 200 גרם,7296953436884,False,turkish-coffee-200g,no_match,pantry,hard negative: product type instant_coffee vs turkish_coffee
gold-00704,נמס ג'ייקובס 200 גרם,7296953436884,False,flour-white-1kg,no_match,pantry,hard negative: product type instant_coffee vs flour
gold-00705,נמס עלית 100 גרם,7291806647827,False,instant-coffee-200g,close,pantry,soft differs: pack size 100 vs 200 g
gold-00705,נמס עלית 100 גרם,7291806647827,False,turkish-coffee-200g,no_match,pantry,hard negative: product type instant_coffee vs turkish_coffee
gold-00705,נמס עלית 100 גרם,7291806647827,False,tahini-500g,no_match,pantry,hard negative: product type instant_coffee vs tahini
gold-00706,נמס נסקפה 200 גרם,7298130152217,False,instant-coffee-200g,any_brand,pantry,critical attributes equal
gold-00706,נמס נסקפה 200 גרם,7298130152217,False,turkish-coffee-200g,no_match,pantry,hard negative: product type instant_coffee vs turkish_coffee
gold-00706,נמס נסקפה 200 גרם,7298130152217,False,pasta-spaghetti-500g,no_match,pantry,hard negative: product type instant_coffee vs pasta
gold-00707,קפה נמס שופרסל 100 גרם,7296793575297,False,instant-coffee-200g,close,pantry,soft differs: pack size 100 vs 200 g
gold-00707,קפה נמס שופרסל 100 גרם,7296793575297,False,turkish-coffee-200g,no_match,pantry,hard negative: product type instant_coffee vs turkish_coffee
gold-00707,קפה נמס שופרסל 100 גרם,7296793575297,False,rice-basmati-1kg,no_match,pantry,hard negative: product type instant_coffee vs rice
gold-00708,קפה נמס עלית 200 גרם,7298730914976,False,instant-coffee-200g,any_brand,pantry,critical attributes equal
gold-00708,קפה נמס עלית 200 גרם,7298730914976,False,turkish-coffee-200g,no_match,pantry,hard negative: product type instant_coffee vs turkish_coffee
gold-00708,קפה נמס עלית 200 גרם,7298730914976,False,sugar-white-1kg,no_match,pantry,hard negative: product type instant_coffee vs sugar
gold-00709,קפה נמס נסקפה 200 גרם,7296311367521,False,instant-coffee-200g,any_brand,pantry,critical attributes equal
gold-00709,קפה נמס נסקפה 200 גרם,7296311367521,False,turkish-coffee-200g,no_match,pantry,hard negative: product type instant_coffee vs turkish_coffee
gold-00709,קפה נמס נסקפה 200 גרם,7296311367521,False,peanut-snack-80g,no_match,pantry,hard negative: product type instant_coffee vs peanut_snack
gold-00710,קפה טורקי לנדוור 200 גרם,7290000000480,False,turkish-coffee-200g,exact,pantry,same barcode
gold-00710,קפה טורקי לנדוור 200 גרם,7290000000480,False,instant-coffee-200g,no_match,pantry,hard negative: product type turkish_coffee vs instant_coffee
gold-00710,קפה טורקי לנדוור 200 גרם,7290000000480,False,flour-white-1kg,no_match,pantry,hard negative: product type turkish_coffee vs flour
gold-00711,קפה טורקי אליטה 200 גרם,7290000000480,False,turkish-coffee-200g,exact,pantry,same barcode
gold-00711,קפה טורקי אליטה 200 גרם,7290000000480,False,instant-coffee-200g,no_match,pantry,hard negative: product type turkish_coffee vs instant_coffee
gold-00711,קפה טורקי אליטה 200 גרם,7290000000480,False,tuna-in-water-160g,no_match,pantry,hard negative: product type turkish_coffee vs tuna
gold-00712,קפה שחור טורקי לנדוור 200 גרם,7296671549110,False,turkish-coffee-200g,any_brand,pantry,critical attributes equal
gold-00712,קפה שחור טורקי לנדוור 200 גרם,7296671549110,False,instant-coffee-200g,no_match,pantry,hard negative: product type turkish_coffee vs instant_coffee
gold-00712,קפה שחור טורקי לנדוור 200 גרם,7296671549110,False,pasta-spaghetti-500g,no_match,pantry,hard negative: product type turkish_coffee vs pasta
gold-00713,עלית קפה טורקי עם הל 200 גרם,7297120251372,False,turkish-coffee-200g,any_brand,pantry,critical attributes equal
gold-00713,עלית קפה טורקי עם הל 200 גרם,7297120251372,False,instant-coffee-200g,no_match,pantry,hard negative: product type turkish_coffee vs instant_coffee
gold-00713,עלית קפה טורקי עם הל 200 גרם,7297120251372,False,pasta-spaghetti-500g,no_match,pantry,hard negative: product type turkish_coffee vs pasta
gold-00714,אליטה קפה טורקי עם הל 200 גרם,7298338082554,False,turkish-coffee-200g,any_brand,pantry,critical attributes equal
gold-00714,אליטה קפה טורקי עם הל 200 גרם,7298338082554,False,instant-coffee-200g,no_match,pantry,hard negative: product type turkish_coffee vs instant_coffee
gold-00714,אליטה קפה טורקי עם הל 200 גרם,7298338082554,False,pasta-spaghetti-500g,no_match,pantry,hard negative: product type turkish_coffee vs pasta
gold-00715,שופרסל קפה טורקי עם הל 200 גרם,7295648336263,False,turkish-coffee-200g,any_brand,pantry,critical attributes equal
gold-00715,שופרסל קפה טורקי עם הל 200 גרם,7295648336263,False,instant-coffee-200g,no_match,pantry,hard negative: product type turkish_coffee vs instant_coffee
gold-00715,שופרסל קפה טורקי עם הל 200 גרם,7295648336263,False,rice-basmati-1kg,no_match,pantry,hard negative: product type turkish_coffee vs rice
gold-00716,לנדוור קפה טורקי עם הל 200 גרם,7293884355717,False,turkish-coffee-200g,any_brand,pantry,critical attributes equal
gold-00716,לנדוור קפה טורקי עם הל 200 גרם,7293884355717,False,instant-coffee-200g,no_match,pantry,hard negative: product type turkish_coffee vs instant_coffee
gold-00716,לנדוור קפה טורקי עם הל 200 גרם,7293884355717,False,tahini-500g,no_match,pantry,hard negative: product type turkish_coffee vs tahini
gold-00717,קפה טורקי עלית 100 גרם,7299519087091,False,turkish-coffee-200g,close,pantry,soft differs: pack size 100 vs 200 g
gold-00717,קפה טורקי עלית 100 גרם,7299519087091,False,instant-coffee-200g,no_match,pantry,hard negative: product type turkish_coffee vs instant_coffee
gold-00717,קפה טורקי עלית 100 גרם,7299519087091,False,hummus-spread-400g,no_match,pantry,hard negative: product type turkish_coffee vs hummus_spread
gold-00718,קפה טורקי עלית 200 גרם,7293720625061,False,turkish-coffee-200g,any_brand,pantry,critical attributes equal
gold-00718,קפה טורקי עלית 200 גרם,7293720625061,False,instant-coffee-200g,no_match,pantry,hard negative: product type turkish_coffee vs instant_coffee
gold-00718,קפה טורקי עלית 200 גרם,7293720625061,False,flour-white-1kg,no_match,pantry,hard negative: product type turkish_coffee vs flour
gold-00719,קפה שחור טורקי שופרסל 200 גרם,7297981278792,False,turkish-coffee-200g,any_brand,pantry,critical attributes equal
gold-00719,קפה שחור טורקי שופרסל 200 גרם,7297981278792,False,instant-coffee-200g,no_match,pantry,hard negative: product type turkish_coffee vs instant_coffee
gold-00719,קפה שחור טורקי שופרסל 200 גרם,7297981278792,False,flour-white-1kg,no_match,pantry,hard negative: product type turkish_coffee vs flour
gold-00720,קפה שחור טורקי אליטה 200 גרם,7291504231481,False,turkish-coffee-200g,any_brand,pantry,critical attributes equal
gold-00720,קפה שחור טורקי אליטה 200 גרם,7291504231481,False,instant-coffee-200g,no_match,pantry,hard negative: product type turkish_coffee vs instant_coffee
gold-00720,קפה שחור טורקי אליטה 200 גרם,7291504231481,False,pasta-spaghetti-500g,no_match,pantry,hard negative: product type turkish_coffee vs pasta
gold-00721,קפה טורקי שופרסל 200 גרם,7297637357248,False,turkish-coffee-200g,any_brand,pantry,critical attributes equal
gold-00721,קפה טורקי שופרסל 200 גרם,7297637357248,False,instant-coffee-200g,no_match,pantry,hard negative: product type turkish_coffee vs instant_coffee
gold-00721,קפה טורקי שופרסל 200 גרם,7297637357248,False,rice-persian-1kg,no_match,pantry,hard negative: product type turkish_coffee vs rice
gold-00722,במבה שופרסל 25 גרם,7295141322983,False,peanut-snack-80g,close,pantry,soft differs: pack size 25 vs 80 g
gold-00722,במבה שופרסל 25 גרם,7295141322983,False,turkish-coffee-200g,no_match,pantry,hard negative: product type peanut_snack vs turkish_coffee
gold-00723,רמי לוי במבה 80 גרם,7290000000490,False,peanut-snack-80g,exact,pantry,same barcode
gold-00723,רמי לוי במבה 80 גרם,7290000000490,False,tuna-in-water-160g,no_match,pantry,hard negative: product type peanut_snack vs tuna
gold-00724,חטיף בוטנים שופרסל 25 גרם,7291930377923,False,peanut-snack-80g,close,pantry,soft differs: pack size 25 vs 80 g
gold-00724,חטיף בוטנים שופרסל 25 גרם,7291930377923,False,turkish-coffee-200g,no_match,pantry,hard negative: product type peanut_snack vs turkish_coffee
gold-00725,שופרסל במבה 80 גרם,7290000000490,False,peanut-snack-80g,exact,pantry,same barcode
gold-00725,שופרסל במבה 80 גרם,7290000000490,False,sugar-white-1kg,no_match,pantry,hard negative: product type peanut_snack vs sugar
gold-00726,אסם במבה 80 גרם,7290178855503,False,peanut-snack-80g,any_brand,pantry,critical attributes equal
gold-00726,אסם במבה 80 גרם,7290178855503,False,sugar-brown-1kg,no_match,pantry,hard negative: product type peanut_snack vs sugar
gold-00727,חטיף בוטנים רמי לוי 25 גרם,7296820752382,False,peanut-snack-80g,close,pantry,soft differs: pack size 25 vs 80 g
gold-00727,חטיף בוטנים רמי לוי 25 גרם,7296820752382,False,tuna-in-water-160g,no_match,pantry,hard negative: product type peanut_snack vs tuna
gold-00728,במבה רמי לוי 80 גרם,7295233297430,False,peanut-snack-80g,any_brand,pantry,critical attributes equal
gold-00728,במבה רמי לוי 80 גרם,7295233297430,False,pasta-spaghetti-500g,no_match,pantry,hard negative: product type peanut_snack vs pasta
gold-00729,אסם במבה 25 גרם,7290086252499,False,peanut-snack-80g,close,pantry,soft differs: pack size 25 vs 80 g
gold-00729,אסם במבה 25 גרם,7290086252499,False,sugar-white-1kg,no_match,pantry,hard negative: product type peanut_snack vs sugar
gold-00730,חטיף בוטנים רמי לוי 80 גרם,7295216993395,False,peanut-snack-80g,any_brand,pantry,critical attributes equal
gold-00730,חטיף בוטנים רמי לוי 80 גרם,7295216993395,False,sugar-white-1kg,no_match,pantry,hard negative: product type peanut_snack vs sugar
gold-00731,במבה אסם 80 גרם,7297067349444,False,peanut-snack-80g,any_brand,pantry,critical attributes equal
gold-00731,במבה אסם 80 גרם,7297067349444,False,instant-coffee-200g,no_match,pantry,hard negative: product type peanut_snack vs instant_coffee
gold-00732,פפסי 1.5 ליטר,7290000000500,False,cola-1.5l,exact,beverages,same barcode
gold-00732,פפסי 1.5 ליטר,7290000000500,False,cola-zero-1.5l,no_match,beverages,hard negative: product type cola vs cola_zero
gold-00732,פפסי 1.5 ליטר,7290000000500,False,orange-juice-1l,no_match,beverages,hard negative: product type cola vs orange_juice
gold-00733,קוקה קולה 1.5 ליטר,7290000000500,False,cola-1.5l,exact,beverages,same barcode
gold-00733,קוקה קולה 1.5 ליטר,7290000000500,False,cola-zero-1.5l,no_match,beverages,hard negative: product type cola vs cola_zero
gold-00733,קוקה קולה 1.5 ליטר,7290000000500,False,mineral-water-1.5l,no_match,beverages,hard negative: product type cola vs mineral_water
gold-00734,קולה קריסטל 6*1.5 ל',7292758430223,False,cola-1.5l,close,beverages,soft differs: pack size 9000 vs 1500 ml
gold-00734,קולה קריסטל 6*1.5 ל',7292758430223,False,cola-zero-1.5l,no_match,beverages,hard negative: product type cola vs cola_zero
gold-00734,קולה קריסטל 6*1.5 ל',7292758430223,False,orange-juice-1l,no_match,beverages,hard negative: product type cola vs orange_juice
gold-00735,קולה שופרסל 6*1.5 ל',7298763413292,False,cola-1.5l,close,beverages,soft differs: pack size 9000 vs 1500 ml
gold-00735,קולה שופרסל 6*1.5 ל',7298763413292,False,cola-zero-1.5l,no_match,beverages,hard negative: product type cola vs cola_zero
gold-00735,קולה שופרסל 6*1.5 ל',7298763413292,False,orange-juice-1l,no_match,beverages,hard negative: product type cola vs orange_juice
gold-00736,קולה רמי לוי 1.5 ליטר,7292132321908,False,cola-1.5l,any_brand,beverages,critical attributes equal
gold-00736,קולה רמי לוי 1.5 ליטר,7292132321908,False,cola-zero-1.5l,no_match,beverages,hard negative: product type cola vs cola_zero
gold-00736,קולה רמי לוי 1.5 ליטר,7292132321908,False,orange-juice-1l,no_match,beverages,hard negative: product type cola vs orange_juice
gold-00737,משקה קולה שופרסל 1.5 ליטר,7298655564186,False,cola-1.5l,any_brand,beverages,critical attributes equal
gold-00737,משקה קולה שופרסל 1.5 ליטר,7298655564186,False,cola-zero-1.5l,no_match,beverages,hard negative: product type cola vs cola_zero
gold-00737,משקה קולה שופרסל 1.5 ליטר,7298655564186,False,orange-juice-1l,no_match,beverages,hard negative: product type cola vs orange_juice
gold-00738,משקה קולה 6*1.5 ל',7291128321500,False,cola-1.5l,close,beverages,soft differs: pack size 9000 vs 1500 ml
gold-00738,משקה קולה 6*1.5 ל',7291128321500,False,cola-zero-1.5l,no_match,beverages,hard negative: product type cola vs cola_zero
gold-00738,משקה קולה 6*1.5 ל',7291128321500,False,orange-juice-1l,no_match,beverages,hard negative: product type cola vs orange_juice
gold-00739,קוקה קולה 6*1.5 ל',7295322354224,False,cola-1.5l,close,beverages,soft differs: pack size 9000 vs 1500 ml
gold-00739,קוקה קולה 6*1.5 ל',7295322354224,False,cola-zero-1.5l,no_match,beverages,hard negative: product type cola vs cola_zero
gold-00739,קוקה קולה 6*1.5 ל',7295322354224,False,mineral-water-1.5l,no_match,beverages,hard negative: product type cola vs mineral_water
gold-00740,פפסי 6*1.5 ל',7295976747487,False,cola-1.5l,close,beverages,soft differs: pack size 9000 vs 1500 ml
gold-00740,פפסי 6*1.5 ל',7295976747487,False,cola-zero-1.5l,no_match,beverages,hard negative: product type cola vs cola_zero
gold-00740,פפסי 6*1.5 ל',7295976747487,False,orange-juice-1l,no_match,beverages,hard negative: product type cola vs orange_juice
gold-00741,משקה קולה 1.5 ליטר,7294249603312,False,cola-1.5l,any_brand,beverages,critical attributes equal
gold-00741,משקה קולה 1.5 ליטר,7294249603312,False,cola-zero-1.5l,no_match,beverages,hard negative: product type cola vs cola_zero
gold-00741,משקה קולה 1.5 ליטר,7294249603312,False,mineral-water-1.5l,no_match,beverages,hard negative: product type cola vs mineral_water
gold-00742,משקה קולה רמי לוי 1.5 ליטר,7294855216844,False,cola-1.5l,any_brand,beverages,critical attributes equal
gold-00742,משקה קולה רמי לוי 1.5 ליטר,7294855216844,False,cola-zero-1.5l,no_match,beverages,hard negative: product type cola vs cola_zero
gold-00742,משקה קולה רמי לוי 1.5 ליטר,7294855216844,False,orange-juice-1l,no_match,beverages,hard negative: product type cola vs orange_juice
gold-00743,קולה קריסטל 1.5 ליטר,7290673079194,False,cola-1.5l,any_brand,beverages,critical attributes equal
gold-00743,קולה קריסטל 1.5 ליטר,7290673079194,False,cola-zero-1.5l,no_match,beverages,hard negative: product type cola vs cola_zero
gold-00743,קולה קריסטל 1.5 ליטר,7290673079194,False,orange-juice-1l,no_match,beverages,hard negative: product type cola vs orange_juice
gold-00744,פפסי מקס 1.5 ליטר,7290000000510,False,cola-zero-1.5l,exact,beverages,same barcode
gold-00744,פפסי מקס 1.5 ליטר,7290000000510,False,cola-1.5l,no_match,beverages,hard negative: product type cola_zero vs cola
gold-00744,פפסי מקס 1.5 ליטר,7290000000510,False,mineral-water-1.5l,no_match,beverages,hard negative: product type cola_zero vs mineral_water
gold-00745,קולה דיאט רמי לוי 1.5 ליטר,7290000000510,False,cola-zero-1.5l,exact,beverages,same barcode
gold-00745,קולה דיאט רמי לוי 1.5 ליטר,7290000000510,False,cola-1.5l,no_match,beverages,hard negative: product type cola_zero vs cola
gold-00745,קולה דיאט רמי לוי 1.5 ליטר,7290000000510,False,mineral-water-1.5l,no_match,beverages,hard negative: product type cola_zero vs mineral_water
gold-00746,קוקה קולה זירו 1.5 ליטר,7296598661188,False,cola-zero-1.5l,any_brand,beverages,critical attributes equal
gold-00746,קוקה קולה זירו 1.5 ליטר,7296598661188,False,cola-1.5l,no_match,beverages,hard negative: product type cola_zero vs cola
gold-00746,קוקה קולה זירו 1.5 ליטר,7296598661188,False,mineral-water-1.5l,no_match,beverages,hard negative: product type cola_zero vs mineral_water
gold-00747,קולה זירו רמי לוי 6*1.5 ל',7298773316763,False,cola-zero-1.5l,close,beverages,soft differs: pack size 9000 vs 1500 ml
gold-00747,קולה זירו רמי לוי 6*1.5 ל',7298773316763,False,cola-1.5l,no_match,beverages,hard negative: product type cola_zero vs cola
gold-00747,קולה זירו רמי לוי 6*1.5 ל',7298773316763,False,mineral-water-1.5l,no_match,beverages,hard negative: product type cola_zero vs mineral_water
gold-00748,פפסי מקס 6*1.5 ל',7295529385426,False,cola-zero-1.5l,close,beverages,soft differs: pack size 9000 vs 1500 ml
gold-00748,פפסי מקס 6*1.5 ל',7295529385426,False,cola-1.5l,no_match,beverages,hard negative: product type cola_zero vs cola
gold-00748,פפסי מקס 6*1.5 ל',7295529385426,False,mineral-water-1.5l,no_match,beverages,hard negative: product type cola_zero vs mineral_water
gold-00749,קולה זירו 1.5 ליטר,7299835027138,False,cola-zero-1.5l,any_brand,beverages,critical attributes equal
gold-00749,קולה זירו 1.5 ליטר,7299835027138,False,cola-1.5l,no_match,beverages,hard negative: product type cola_zero vs cola
gold-00749,קולה זירו 1.5 ליטר,7299835027138,False,orange-juice-1l,no_match,beverages,hard negative: product type cola_zero vs orange_juice
gold-00750,קולה דיאט שופרסל 6*1.5 ל',7295782613746,False,cola-zero-1.5l,close,beverages,soft differs: pack size 9000 vs 1500 ml
gold-00750,קולה דיאט שופרסל 6*1.5 ל',7295782613746,False,cola-1.5l,no_match,beverages,hard negative: product type cola_zero vs cola
gold-00750,קולה דיאט שופרסל 6*1.5 ל',7295782613746,False,mineral-water-1.5l,no_match,beverages,hard negative: product type cola_zero vs mineral_water
gold-00751,קולה דיאט 1.5 ליטר,7295843510385,False,cola-zero-1.5l,any_brand,beverages,critical attributes equal
gold-00751,קולה דיאט 1.5 ליטר,7295843510385,False,cola-1.5l,no_match,beverages,hard negative: product type cola_zero vs cola
gold-00751,קולה דיאט 1.5 ליטר,7295843510385,False,mineral-water-1.5l,no_match,beverages,hard negative: product type cola_zero vs mineral_water
gold-00752,קוקה קולה זירו 6*1.5 ל',7294751126629,False,cola-zero-1.5l,close,beverages,soft differs: pack size 9000 vs 1500 ml
gold-00752,קוקה קולה זירו 6*1.5 ל',7294751126629,False,cola-1.5l,no_match,beverages,hard negative: product type cola_zero vs cola
gold-00752,קוקה קולה זירו 6*1.5 ל',7294751126629,False,orange-juice-1l,no_match,beverages,hard negative: product type cola_zero vs orange_juice
gold-00753,קולה דיאט שופרסל 1.5 ליטר,7297793619332,False,cola-zero-1.5l,any_brand,beverages,critical attributes equal
gold-00753,קולה דיאט שופרסל 1.5 ליטר,7297793619332,False,cola-1.5l,no_match,beverages,hard negative: product type cola_zero vs cola
gold-00753,קולה דיאט שופרסל 1.5 ליטר,7297793619332,False,orange-juice-1l,no_match,beverages,hard negative: product type cola_zero vs orange_juice
gold-00754,קולה דיאט רמי לוי 6*1.5 ל',7299094147898,False,cola-zero-1.5l,close,beverages,soft differs: pack size 9000 vs 1500 ml
gold-00754,קולה דיאט רמי לוי 6*1.5 ל',7299094147898,False,cola-1.5l,no_match,beverages,hard negative: product type cola_zero vs cola
gold-00754,קולה דיאט רמי לוי 6*1.5 ל',7299094147898,False,orange-juice-1l,no_match,beverages,hard negative: product type cola_zero vs orange_juice
gold-00755,קולה דיאט 6*1.5 ל',7294316614480,False,cola-zero-1.5l,close,beverages,soft differs: pack size 9000 vs 1500 ml
gold-00755,קולה דיאט 6*1.5 ל',7294316614480,False,cola-1.5l,no_match,beverages,hard negative: product type cola_zero vs cola
gold-00755,קולה דיאט 6*1.5 ל',7294316614480,False,mineral-water-1.5l,no_match,beverages,hard negative: product type cola_zero vs mineral_water
gold-00756,מים מינרליים טבעיים 1.5 ליטר נביעות,7290000000520,False,mineral-water-1.5l,exact,beverages,same barcode
gold-00756,מים מינרליים טבעיים 1.5 ליטר נביעות,7290000000520,False,cola-zero-1.5l,no_match,beverages,hard negative: product type mineral_water vs cola_zero
gold-00757,מים מינרליים עין גדי 1.5 ליטר,7290000000520,False,mineral-water-1.5l,exact,beverages,same barcode
gold-00757,מים מינרליים עין גדי 1.5 ליטר,7290000000520,False,orange-juice-1l,no_match,beverages,hard negative: product type mineral_water vs orange_juice
gold-00758,מים מינרליים טבעיים 6*1.5 ל' נביעות,7290990284376,False,mineral-water-1.5l,close,beverages,soft differs: pack size 9000 vs 1500 ml
gold-00758,מים מינרליים טבעיים 6*1.5 ל' נביעות,7290990284376,False,cola-1.5l,no_match,beverages,hard negative: product type mineral_water vs cola
gold-00759,נביעות מים 1.5 ליטר,7294161978673,False,mineral-water-1.5l,any_brand,beverages,critical attributes equal
gold-00759,נביעות מים 1.5 ליטר,7294161978673,False,orange-juice-1l,no_match,beverages,hard negative: product type mineral_water vs orange_juice
gold-00760,מים מינרליים נסטלה 1.5 ליטר,7291197640596,False,mineral-water-1.5l,any_brand,beverages,critical attributes equal
gold-00760,מים מינרליים נסטלה 1.5 ליטר,7291197640596,False,cola-1.5l,no_match,beverages,hard negative: product type mineral_water vs cola
gold-00761,מים מינרליים מי עדן 6*1.5 ל',7291075348842,False,mineral-water-1.5l,close,beverages,soft differs: pack size 9000 vs 1500 ml
gold-00761,מים מינרליים מי עדן 6*1.5 ל',7291075348842,False,cola-1.5l,no_match,beverages,hard negative: product type mineral_water vs cola
gold-00762,מים מינרליים שופרסל 1.5 ליטר,7298267249086,False,mineral-water-1.5l,any_brand,beverages,critical attributes equal
gold-00762,מים מינרליים שופרסל 1.5 ליטר,7298267249086,False,orange-juice-1l,no_match,beverages,hard negative: product type mineral_water vs orange_juice
gold-00763,מים מינרליים עין גדי 6*1.5 ל',7293751140433,False,mineral-water-1.5l,close,beverages,soft differs: pack size 9000 vs 1500 ml
gold-00763,מים מינרליים עין גדי 6*1.5 ל',7293751140433,False,cola-zero-1.5l,no_match,beverages,hard negative: product type mineral_water vs cola_zero
gold-00764,מים מינרליים מי עדן 1.5 ליטר,7294142054665,False,mineral-water-1.5l,any_brand,beverages,critical attributes equal
gold-00764,מים מינרליים מי עדן 1.5 ליטר,7294142054665,False,orange-juice-1l,no_match,beverages,hard negative: product type mineral_water vs orange_juice
gold-00765,מים מינרליים טבעיים 1.5 ליטר שופרסל,7293780237144,False,mineral-water-1.5l,any_brand,beverages,critical attributes equal
gold-00765,מים מינרליים טבעיים 1.5 ליטר שופרסל,7293780237144,False,cola-zero-1.5l,no_match,beverages,hard negative: product type mineral_water vs cola_zero
gold-00766,נסטלה מים 1.5 ליטר,7297323468210,False,mineral-water-1.5l,any_brand,beverages,critical attributes equal
gold-00766,נסטלה מים 1.5 ליטר,7297323468210,False,orange-juice-1l,no_match,beverages,hard negative: product type mineral_water vs orange_juice
gold-00767,מים מינרליים טבעיים 1.5 ליטר מי עדן,7291256911640,False,mineral-water-1.5l,any_brand,beverages,critical attributes equal
gold-00767,מים מינרליים טבעיים 1.5 ליטר מי עדן,7291256911640,False,cola-zero-1.5l,no_match,beverages,hard negative: product type mineral_water vs cola_zero
gold-00768,מים מינרליים טבעיים 1.5 ליטר נסטלה,7298287435519,False,mineral-water-1.5l,any_brand,beverages,critical attributes equal
gold-00768,מים מינרליים טבעיים 1.5 ליטר נסטלה,7298287435519,False,cola-1.5l,no_match,beverages,hard negative: product type mineral_water vs cola
gold-00769,"מים מינרליים עין גדי 500 מ""ל",7297822232263,False,mineral-water-1.5l,close,beverages,soft differs: pack size 500 vs 1500 ml
gold-00769,"מים מינרליים עין גדי 500 מ""ל",7297822232263,False,cola-1.5l,no_match,beverages,hard negative: product type mineral_water vs cola
gold-00770,מיץ תפוזים יטבתה 2 ל',7299062551681,False,orange-juice-1l,close,beverages,soft differs: pack size 2000 vs 1000 ml
gold-00770,מיץ תפוזים יטבתה 2 ל',7299062551681,False,mineral-water-1.5l,no_match,beverages,hard negative: product type orange_juice vs mineral_water
gold-00771,יטבתה תפוזים מיץ 1 ליטר,7290000000530,False,orange-juice-1l,exact,beverages,same barcode
gold-00771,יטבתה תפוזים מיץ 1 ליטר,7290000000530,False,mineral-water-1.5l,no_match,beverages,hard negative: product type orange_juice vs mineral_water
gold-00772,ספרינג תפוזים מיץ 2 ל',7298384391056,False,orange-juice-1l,close,beverages,soft differs: pack size 2000 vs 1000 ml
gold-00772,ספרינג תפוזים מיץ 2 ל',7298384391056,False,mineral-water-1.5l,no_match,beverages,hard negative: product type orange_juice vs mineral_water
gold-00773,מיץ תפוזים שופרסל 1 ליטר,7290000000530,False,orange-juice-1l,exact,beverages,same barcode
gold-00773,מיץ תפוזים שופרסל 1 ליטר,7290000000530,False,mineral-water-1.5l,no_match,beverages,hard negative: product type orange_juice vs mineral_water
gold-00774,מיץ תפוזים יטבתה 1 ליטר,7292692208885,False,orange-juice-1l,any_brand,beverages,critical attributes equal
gold-00774,מיץ תפוזים יטבתה 1 ליטר,7292692208885,False,cola-zero-1.5l,no_match,beverages,hard negative: product type orange_juice vs cola_zero
gold-00775,מיץ תפוזים טבעי 100% תפוזינה 1 ליטר,7299446008871,False,orange-juice-1l,any_brand,beverages,critical attributes equal
gold-00775,מיץ תפוזים טבעי 100% תפוזינה 1 ליטר,7299446008871,False,cola-1.5l,no_match,beverages,hard negative: product type orange_juice vs cola
gold-00776,תפוזינה תפוזים מיץ 1 ליטר,7295462602362,False,orange-juice-1l,any_brand,beverages,critical attributes equal
gold-00776,תפוזינה תפוזים מיץ 1 ליטר,7295462602362,False,cola-1.5l,no_match,beverages,hard negative: product type orange_juice vs cola
gold-00777,ספרינג תפוזים מיץ 1 ליטר,7291538251119,False,orange-juice-1l,any_brand,beverages,critical attributes equal
gold-00777,ספרינג תפוזים מיץ 1 ליטר,7291538251119,False,mineral-water-1.5l,no_match,beverages,hard negative: product type orange_juice vs mineral_water
gold-00778,מיץ תפוזים טבעי 100% פרימור 1 ליטר,7299208806957,False,orange-juice-1l,any_brand,beverages,critical attributes equal
gold-00778,מיץ תפוזים טבעי 100% פרימור 1 ליטר,7299208806957,False,cola-zero-1.5l,no_match,beverages,hard negative: product type orange_juice vs cola_zero
gold-00779,מיץ תפוזים טבעי 100% שופרסל 2 ל',7294835565683,False,orange-juice-1l,close,beverages,soft differs: pack size 2000 vs 1000 ml
gold-00779,מיץ תפוזים טבעי 100% שופרסל 2 ל',7294835565683,False,cola-zero-1.5l,no_match,beverages,hard negative: product type orange_juice vs cola_zero
gold-00780,מיץ תפוזים טבעי 100% ספרינג 1 ליטר,7295567944258,False,orange-juice-1l,any_brand,beverages,critical attributes equal
gold-00780,מיץ תפוזים טבעי 100% ספרינג 1 ליטר,7295567944258,False,mineral-water-1.5l,no_match,beverages,hard negative: product type orange_juice vs mineral_water
gold-00781,פרימור תפוזים מיץ 2 ל',7294793681713,False,orange-juice-1l,close,beverages,soft differs: pack size 2000 vs 1000 ml
gold-00781,פרימור תפוזים מיץ 2 ל',7294793681713,False,cola-zero-1.5l,no_match,beverages,hard negative: product type orange_juice vs cola_zero
gold-00782,שופרסל תפוזים מיץ 1 ליטר,7294188968851,False,orange-juice-1l,any_brand,beverages,critical attributes equal
gold-00782,שופרסל תפוזים מיץ 1 ליטר,7294188968851,False,mineral-water-1.5l,no_match,beverages,hard negative: product type orange_juice vs mineral_water
gold-00783,פרימור תפוזים מיץ 1 ליטר,7297613622297,False,orange-juice-1l,any_brand,beverages,critical attributes equal
gold-00783,פרימור תפוזים מיץ 1 ליטר,7297613622297,False,mineral-water-1.5l,no_match,beverages,hard negative: product type orange_juice vs mineral_water
gold-00784,נייר טואלט לבן 32 יח' טאצ',7290000000540,False,toilet-paper-32,exact,household,same barcode
gold-00784,נייר טואלט לבן 32 יח' טאצ',7290000000540,False,dish-soap-750ml,no_match,household,hard negative: product type toilet_paper vs dish_soap
gold-00785,שופרסל נייר טואלט 3 שכבות 32 יח',7290000000540,False,toilet-paper-32,exact,household,same barcode
gold-00785,שופרסל נייר טואלט 3 שכבות 32 יח',7290000000540,False,dish-soap-750ml,no_match,household,hard negative: product type toilet_paper vs dish_soap
gold-00786,נייר טואלט לבן 32 יח' סנו,7290559801170,False,toilet-paper-32,any_brand,household,critical attributes equal
gold-00786,נייר טואלט לבן 32 יח' סנו,7290559801170,False,dish-soap-750ml,no_match,household,hard negative: product type toilet_paper vs dish_soap
gold-00787,נייר טואלט שופרסל 48 יח',7290146396116,False,toilet-paper-32,close,household,soft differs: pack size 48 vs 32 unit
gold-00787,נייר טואלט שופרסל 48 יח',7290146396116,False,dish-soap-750ml,no_match,household,hard negative: product type toilet_paper vs dish_soap
gold-00788,טאצ' נייר טואלט 3 שכבות 48 יח',7296387173899,False,toilet-paper-32,close,household,soft differs: pack size 48 vs 32 unit
gold-00788,טאצ' נייר טואלט 3 שכבות 48 יח',7296387173899,False,dish-soap-750ml,no_match,household,hard negative: product type toilet_paper vs dish_soap
gold-00789,לילי נייר טואלט 3 שכבות 32 יח',7291878031055,False,toilet-paper-32,any_brand,household,critical attributes equal
gold-00789,לילי נייר טואלט 3 שכבות 32 יח',7291878031055,False,dish-soap-750ml,no_match,household,hard negative: product type toilet_paper vs dish_soap
gold-00790,נייר טואלט סנו 32 יח',7293231422371,False,toilet-paper-32,any_brand,household,critical attributes equal
gold-00790,נייר טואלט סנו 32 יח',7293231422371,False,dish-soap-750ml,no_match,household,hard negative: product type toilet_paper vs dish_soap
gold-00791,נייר טואלט לילי 32 יח',7297974790193,False,toilet-paper-32,any_brand,household,critical attributes equal
gold-00791,נייר טואלט לילי 32 יח',7297974790193,False,dish-soap-750ml,no_match,household,hard negative: product type toilet_paper vs dish_soap
gold-00792,נייר טואלט לבן 48 יח' לילי,7296481973501,False,toilet-paper-32,close,household,soft differs: pack size 48 vs 32 unit
gold-00792,נייר טואלט לבן 48 יח' לילי,7296481973501,False,dish-soap-750ml,no_match,household,hard negative: product type toilet_paper vs dish_soap
gold-00793,טאצ' נייר טואלט 3 שכבות 32 יח',7290787194366,False,toilet-paper-32,any_brand,household,critical attributes equal
gold-00793,טאצ' נייר טואלט 3 שכבות 32 יח',7290787194366,False,dish-soap-750ml,no_match,household,hard negative: product type toilet_paper vs dish_soap
gold-00794,נייר טואלט לבן 48 יח' שופרסל,7290906562080,False,toilet-paper-32,close,household,soft differs: pack size 48 vs 32 unit
gold-00794,נייר טואלט לבן 48 יח' שופרסל,7290906562080,False,dish-soap-750ml,no_match,household,hard negative: product type toilet_paper vs dish_soap
gold-00795,נייר טואלט לילי 48 יח',7290776801244,False,toilet-paper-32,close,household,soft differs: pack size 48 vs 32 unit
gold-00795,נייר טואלט לילי 48 יח',7290776801244,False,dish-soap-750ml,no_match,household,hard negative: product type toilet_paper vs dish_soap
gold-00796,"סנו סבון כלים לימון 750 מ""ל",7290000000550,False,dish-soap-750ml,exact,household,same barcode
gold-00796,"סנו סבון כלים לימון 750 מ""ל",7290000000550,False,toilet-paper-32,no_match,household,hard negative: product type dish_soap vs toilet_paper
gold-00797,שופרסל סבון כלים לימון 1 ל',7290269622463,False,dish-soap-750ml,close,household,soft differs: pack size 1000 vs 750 ml
gold-00797,שופרסל סבון כלים לימון 1 ל',7290269622463,False,toilet-paper-32,no_match,household,hard negative: product type dish_soap vs toilet_paper
gold-00798,"נוזל כלים שופרסל 750 מ""ל",7290000000550,False,dish-soap-750ml,exact,household,same barcode
gold-00798,"נוזל כלים שופרסל 750 מ""ל",7290000000550,False,toilet-paper-32,no_match,household,hard negative: product type dish_soap vs toilet_paper
gold-00799,"נוזל כלים פריל 750 מ""ל",7295127276348,False,dish-soap-750ml,any_brand,household,critical attributes equal
gold-00799,"נוזל כלים פריל 750 מ""ל",7295127276348,False,toilet-paper-32,no_match,household,hard negative: product type dish_soap vs toilet_paper
gold-00800,"סבון כלים שופרסל 750 מ""ל",7291322315492,False,dish-soap-750ml,any_brand,household,critical attributes equal
gold-00800,"סבון כלים שופרסל 750 מ""ל",7291322315492,False,toilet-paper-32,no_match,household,hard negative: product type dish_soap vs toilet_paper
gold-00801,סבון כלים שופרסל 1 ל',7294809581097,False,dish-soap-750ml,close,household,soft differs: pack size 1000 vs 750 ml
gold-00801,סבון כלים שופרסל 1 ל',7294809581097,False,toilet-paper-32,no_match,household,hard negative: product type dish_soap vs toilet_paper
gold-00802,נוזל כלים שופרסל 1 ל',7296346574193,False,dish-soap-750ml,close,household,soft differs: pack size 1000 vs 750 ml
gold-00802,נוזל כלים שופרסל 1 ל',7296346574193,False,toilet-paper-32,no_match,household,hard negative: product type dish_soap vs toilet_paper
gold-00803,"פיירי סבון כלים לימון 750 מ""ל",7297812047451,False,dish-soap-750ml,any_brand,household,critical attributes equal
gold-00803,"פיירי סבון כלים לימון 750 מ""ל",7297812047451,False,toilet-paper-32,no_match,household,hard negative: product type dish_soap vs toilet_paper
gold-00804,"נוזל כלים סנו 750 מ""ל",7291774505537,False,dish-soap-750ml,any_brand,household,critical attributes equal
gold-00804,"נוזל כלים סנו 750 מ""ל",7291774505537,False,toilet-paper-32,no_match,household,hard negative: product type dish_soap vs toilet_paper
gold-00805,"נוזל כלים פיירי 750 מ""ל",7294381872739,False,dish-soap-750ml,any_brand,household,critical attributes equal
gold-00805,"נוזל כלים פיירי 750 מ""ל",7294381872739,False,toilet-paper-32,no_match,household,hard negative: product type dish_soap vs toilet_paper
gold-00806,"סבון כלים פיירי 750 מ""ל",7292193603256,False,dish-soap-750ml,any_brand,household,critical attributes equal
gold-00806,"סבון כלים פיירי 750 מ""ל",7292193603256,False,toilet-paper-32,no_match,household,hard negative: product type dish_soap vs toilet_paper
gold-00807,פיירי סבון כלים לימון 1 ל',7294167743046,False,dish-soap-750ml,close,household,soft differs: pack size 1000 vs 750 ml
gold-00807,פיירי סבון כלים לימון 1 ל',7294167743046,False,toilet-paper-32,no_match,household,hard negative: product type dish_soap vs toilet_paper
gold-00808,חלב עזים טרי צוק 1 ל',7299570214716,False,milk-3pct-1l,no_match,dairy,orphan: goat_milk has no canonical
gold-00808,חלב עזים טרי צוק 1 ל',7299570214716,False,milk-1pct-1l,no_match,dairy,orphan: goat_milk has no canonical
gold-00809,חלב עזים 3% 1 ליטר,7296364111137,False,milk-3pct-1l,no_match,dairy,orphan: goat_milk has no canonical
gold-00809,חלב עזים 3% 1 ליטר,7296364111137,False,milk-1pct-1l,no_match,dairy,orphan: goat_milk has no canonical
gold-00810,חלב עזים טרי 1 ל',7291849235133,False,milk-3pct-1l,no_match,dairy,orphan: goat_milk has no canonical
gold-00810,חלב עזים טרי 1 ל',7291849235133,False,milk-1pct-1l,no_match,dairy,orphan: goat_milk has no canonical
gold-00811,חלב עזים 3% משק 1 ליטר,7296794725548,False,milk-3pct-1l,no_match,dairy,orphan: goat_milk has no canonical
gold-00811,חלב עזים 3% משק 1 ליטר,7296794725548,False,milk-1pct-1l,no_match,dairy,orphan: goat_milk has no canonical
gold-00812,חלב עזים 3% צוק 1 ליטר,7290790543740,False,milk-3pct-1l,no_match,dairy,orphan: goat_milk has no canonical
gold-00812,חלב עזים 3% צוק 1 ליטר,7290790543740,False,milk-1pct-1l,no_match,dairy,orphan: goat_milk has no canonical
gold-00813,חלב עזים טרי משק 1 ל',7290986274034,False,milk-3pct-1l,no_match,dairy,orphan: goat_milk has no canonical
gold-00813,חלב עזים טרי משק 1 ל',7290986274034,False,milk-1pct-1l,no_match,dairy,orphan: goat_milk has no canonical
gold-00814,שוקו טרה 1 ליטר,7293111435900,False,milk-1pct-1l,no_match,dairy,orphan: chocolate_milk has no canonical
gold-00814,שוקו טרה 1 ליטר,7293111435900,False,milk-3pct-1l,no_match,dairy,orphan: chocolate_milk has no canonical
gold-00815,שוקו תנובה 1 ליטר,7297442427399,False,milk-1pct-1l,no_match,dairy,orphan: chocolate_milk has no canonical
gold-00815,שוקו תנובה 1 ליטר,7297442427399,False,milk-3pct-1l,no_match,dairy,orphan: chocolate_milk has no canonical
gold-00816,חלב שוקו 1% תנובה 1 ל',7299656487181,False,milk-1pct-1l,no_match,dairy,orphan: chocolate_milk has no canonical
gold-00816,חלב שוקו 1% תנובה 1 ל',7299656487181,False,milk-3pct-1l,no_match,dairy,orphan: chocolate_milk has no canonical
gold-00817,שוקו יטבתה 1 ליטר,7296416973578,False,milk-1pct-1l,no_match,dairy,orphan: chocolate_milk has no canonical
gold-00817,שוקו יטבתה 1 ליטר,7296416973578,False,milk-3pct-1l,no_match,dairy,orphan: chocolate_milk has no canonical
gold-00818,חלב שוקו 1% טרה 1 ל',7293255331892,False,milk-1pct-1l,no_match,dairy,orphan: chocolate_milk has no canonical
gold-00818,חלב שוקו 1% טרה 1 ל',7293255331892,False,milk-3pct-1l,no_match,dairy,orphan: chocolate_milk has no canonical
gold-00819,חלב שוקו 1% יטבתה 1 ל',7291708140966,False,milk-1pct-1l,no_match,dairy,orphan: chocolate_milk has no canonical
gold-00819,חלב שוקו 1% יטבתה 1 ל',7291708140966,False,milk-3pct-1l,no_match,dairy,orphan: chocolate_milk has no canonical
gold-00820,משקה אורז שופרסל 1 ליטר,7291190593538,False,soy-drink-1l,no_match,dairy,orphan: rice_drink has no canonical
gold-00820,משקה אורז שופרסל 1 ליטר,7291190593538,False,almond-drink-1l,no_match,dairy,orphan: rice_drink has no canonical
gold-00820,משקה אורז שופרסל 1 ליטר,7291190593538,False,oat-drink-1l,no_match,dairy,orphan: rice_drink has no canonical
gold-00821,משקה אורז טבעי אלפרו 1 ל',7299129860678,False,soy-drink-1l,no_match,dairy,orphan: rice_drink has no canonical
gold-00821,משקה אורז טבעי אלפרו 1 ל',7299129860678,False,almond-drink-1l,no_match,dairy,orphan: rice_drink has no canonical
gold-00821,משקה אורז טבעי אלפרו 1 ל',7299129860678,False,oat-drink-1l,no_match,dairy,orphan: rice_drink has no canonical
gold-00822,משקה אורז טבעי וילי פוד 1 ל',7296538173822,False,soy-drink-1l,no_match,dairy,orphan: rice_drink has no canonical
gold-00822,משקה אורז טבעי וילי פוד 1 ל',7296538173822,False,almond-drink-1l,no_match,dairy,orphan: rice_drink has no canonical
gold-00822,משקה אורז טבעי וילי פוד 1 ל',7296538173822,False,oat-drink-1l,no_match,dairy,orphan: rice_drink has no canonical
gold-00823,משקה אורז אלפרו 1 ליטר,7290329484236,False,soy-drink-1l,no_match,dairy,orphan: rice_drink has no canonical
gold-00823,משקה אורז אלפרו 1 ליטר,7290329484236,False,almond-drink-1l,no_match,dairy,orphan: rice_drink has no canonical
gold-00823,משקה אורז אלפרו 1 ליטר,7290329484236,False,oat-drink-1l,no_match,dairy,orphan: rice_drink has no canonical
gold-00824,משקה אורז טבעי שופרסל 1 ל',7292669365656,False,soy-drink-1l,no_match,dairy,orphan: rice_drink has no canonical
gold-00824,משקה אורז טבעי שופרסל 1 ל',7292669365656,False,almond-drink-1l,no_match,dairy,orphan: rice_drink has no canonical
gold-00824,משקה אורז טבעי שופרסל 1 ל',7292669365656,False,oat-drink-1l,no_match,dairy,orphan: rice_drink has no canonical
gold-00825,משקה אורז וילי פוד 1 ליטר,7298907996478,False,soy-drink-1l,no_match,dairy,orphan: rice_drink has no canonical
gold-00825,משקה אורז וילי פוד 1 ליטר,7298907996478,False,almond-drink-1l,no_match,dairy,orphan: rice_drink has no canonical
gold-00825,משקה אורז וילי פוד 1 ליטר,7298907996478,False,oat-drink-1l,no_match,dairy,orphan: rice_drink has no canonical
gold-00826,סלמון מעושן פרש מרקט 100 גרם,7295254316638,False,salmon-fillet-fresh,no_match,meat_fish,orphan: smoked_salmon has no canonical
gold-00826,סלמון מעושן פרש מרקט 100 גרם,7295254316638,False,salmon-fillet-frozen,no_match,meat_fish,orphan: smoked_salmon has no canonical
gold-00827,פרוסות סלמון מעושן 200 גרם,7292314864736,False,salmon-fillet-fresh,no_match,meat_fish,orphan: smoked_salmon has no canonical
gold-00827,פרוסות סלמון מעושן 200 גרם,7292314864736,False,salmon-fillet-frozen,no_match,meat_fish,orphan: smoked_salmon has no canonical
gold-00828,פרוסות סלמון מעושן פרש מרקט 200 גרם,7295405743333,False,salmon-fillet-fresh,no_match,meat_fish,orphan: smoked_salmon has no canonical
gold-00828,פרוסות סלמון מעושן פרש מרקט 200 גרם,7295405743333,False,salmon-fillet-frozen,no_match,meat_fish,orphan: smoked_salmon has no canonical
gold-00829,סלמון מעושן שופרסל 100 גרם,7290369149689,False,salmon-fillet-fresh,no_match,meat_fish,orphan: smoked_salmon has no canonical
gold-00829,סלמון מעושן שופרסל 100 גרם,7290369149689,False,salmon-fillet-frozen,no_match,meat_fish,orphan: smoked_salmon has no canonical
gold-00830,פרוסות סלמון מעושן שופרסל 200 גרם,7295122754254,False,salmon-fillet-fresh,no_match,meat_fish,orphan: smoked_salmon has no canonical
gold-00830,פרוסות סלמון מעושן שופרסל 200 גרם,7295122754254,False,salmon-fillet-frozen,no_match,meat_fish,orphan: smoked_salmon has no canonical
gold-00831,סלמון מעושן 100 גרם,7293582503088,False,salmon-fillet-fresh,no_match,meat_fish,orphan: smoked_salmon has no canonical
gold-00831,סלמון מעושן 100 גרם,7293582503088,False,salmon-fillet-frozen,no_match,meat_fish,orphan: smoked_salmon has no canonical
